专业大类编号,大类名称,专业小类编号,小类名称,专业编号,专业名称,专业原编号,专业原名称,专业变更操作
21,农林牧渔大类,2101,农业类,210101,现代种业技术,,,新增
21,农林牧渔大类,2101,农业类,210102,作物生产与品质改良,,,新增
21,农林牧渔大类,2101,农业类,210103,智慧农业技术,,,新增
21,农林牧渔大类,2101,农业类,210104,设施园艺,,,新增
21,农林牧渔大类,2101,农业类,210105,现代农业经营与管理,,,新增
21,农林牧渔大类,2102,林业类,210201,智慧林业技术,,,新增
21,农林牧渔大类,2102,林业类,210202,园林工程,,,新增
21,农林牧渔大类,2102,林业类,210203,木业产品智能制造,,,新增
21,农林牧渔大类,2103,畜牧业类,210301,动物医学,,,新增
21,农林牧渔大类,2103,畜牧业类,210302,动物药学,,,新增
21,农林牧渔大类,2103,畜牧业类,210303,宠物医疗,,,新增
21,农林牧渔大类,2103,畜牧业类,210304,现代畜牧,,,新增
21,农林牧渔大类,2104,渔业类,210401,现代水产养殖技术,,,新增
22,资源环境与安全大类,2201,资源勘查类,220101,资源勘查工程技术,,,新增
22,资源环境与安全大类,2202,地质类,220201,环境地质工程,,,新增
22,资源环境与安全大类,2203,测绘地理信息类,220301,导航工程技术,720301,导航工程,更名
22,资源环境与安全大类,2203,测绘地理信息类,220302,测绘工程技术,,,新增
22,资源环境与安全大类,2203,测绘地理信息类,220303,地理信息技术,,,新增
22,资源环境与安全大类,2204,石油与天然气类,220401,油气储运工程,720401,油气储运工程,保留
22,资源环境与安全大类,2204,石油与天然气类,220402,石油工程技术,,,新增
22,资源环境与安全大类,2205,煤炭类,220501,智能采矿技术,720501,采矿工程,更名
22,资源环境与安全大类,2205,煤炭类,220502,煤炭清洁利用工程,,,新增
22,资源环境与安全大类,2207,气象类,220701,智慧气象技术,,,新增
22,资源环境与安全大类,2208,环境保护类,220801,生态环境工程技术,,,新增
22,资源环境与安全大类,2209,安全类,220901,安全工程技术,,,新增
22,资源环境与安全大类,2209,安全类,220902,应急管理,,,新增
23,能源动力与材料大类,2301,电力技术类,230101,电力工程及自动化,,,新增
23,能源动力与材料大类,2301,电力技术类,230102,智能电网工程技术,,,新增
23,能源动力与材料大类,2302,热能与发电工程类,230201,热能动力工程,,,新增
23,能源动力与材料大类,2303,新能源发电工程类,230301,新能源发电工程技术,730301,新能源工程,更名
23,能源动力与材料大类,2304,黑色金属材料类,230401,钢铁智能冶金技术,,,新增
23,能源动力与材料大类,2305,有色金属材料类,230501,材料化冶金应用技术,,,新增
23,能源动力与材料大类,2305,有色金属材料类,230502,金属智能成型技术,,,新增
23,能源动力与材料大类,2305,有色金属材料类,230503,储能材料工程技术,,,新增
23,能源动力与材料大类,2306,非金属材料类,230601,高分子材料工程技术,,,新增
23,能源动力与材料大类,2306,非金属材料类,230602,新材料与应用技术,,,新增
23,能源动力与材料大类,2307,建筑材料类,230701,建筑材料智能制造,,,新增
24,土木建筑大类,2401,建筑设计类,240101,建筑设计,740301,建筑设计,保留
24,土木建筑大类,2401,建筑设计类,240102,建筑装饰工程,,,新增
24,土木建筑大类,2401,建筑设计类,240103,古建筑工程,,,新增
24,土木建筑大类,2401,建筑设计类,240104,园林景观工程,740302,风景园林,更名
24,土木建筑大类,2401,建筑设计类,240105,城市设计数字技术,,,新增
24,土木建筑大类,2402,城乡规划与管理类,240201,城乡规划,,,新增
24,土木建筑大类,2403,土建施工类,240301,建筑工程,740101,土木工程,更名
24,土木建筑大类,2403,土建施工类,240302,智能建造工程,,,新增
24,土木建筑大类,2403,土建施工类,240303,城市地下工程,,,新增
24,土木建筑大类,2403,土建施工类,240304,建筑智能检测与修复,,,新增
24,土木建筑大类,2404,建筑设备类,240401,建筑环境与能源工程,,,新增
24,土木建筑大类,2404,建筑设备类,240402,建筑电气与智能化工程,,,新增
24,土木建筑大类,2405,建设工程管理类,240501,工程造价,740201,工程造价,保留
24,土木建筑大类,2405,建设工程管理类,240502,建设工程管理,740202,工程管理,更名
24,土木建筑大类,2406,市政工程类,240601,市政工程,,,新增
24,土木建筑大类,2406,市政工程类,240602,城市设施智慧管理,,,新增
24,土木建筑大类,2407,房地产类,240701,房地产投资与策划,,,新增
24,土木建筑大类,2407,房地产类,240702,现代物业管理,,,新增
25,水利大类,2501,水文水资源类,250101,水文与水资源工程技术,,,新增
25,水利大类,2502,水利工程与管理类,250201,智慧水利工程,,,新增
25,水利大类,2502,水利工程与管理类,250202,农业水利工程,,,新增
25,水利大类,2502,水利工程与管理类,250203,水利水电工程,,,新增
25,水利大类,2502,水利工程与管理类,250204,治河与港航工程,,,新增
25,水利大类,2503,水利水电设备类,250301,水利水电设备及自动化,,,新增
25,水利大类,2504,水土保持与水环境类,250401,生态水利工程,,,新增
25,水利大类,2504,水土保持与水环境类,250402,水环境工程,,,新增
26,装备制造大类,2601,机械设计制造类,260101,机械设计制造及自动化,760101,机械设计制造及其自动化,更名
26,装备制造大类,2601,机械设计制造类,260102,智能制造工程技术,760103,智能制造工程,更名
26,装备制造大类,2601,机械设计制造类,260103,数控技术,,,新增
26,装备制造大类,2601,机械设计制造类,260104,工业设计,,,新增
26,装备制造大类,2601,机械设计制造类,260105,工业工程技术,,,新增
26,装备制造大类,2601,机械设计制造类,260106,材料成型及控制工程,760102,材料成型及控制工程,保留
26,装备制造大类,2602,机电设备类,260201,装备智能化技术,,,新增
26,装备制造大类,2602,机电设备类,260202,制冷与空调工程,,,新增
26,装备制造大类,2602,机电设备类,260203,电梯工程技术,760305,电梯工程技术,归属调整
26,装备制造大类,2603,自动化类,260301,机械电子工程技术,760301,机械电子工程,更名
26,装备制造大类,2603,自动化类,260302,电气工程及自动化,760302,电气工程及其自动化,更名
26,装备制造大类,2603,自动化类,260303,智能控制技术,760303,智能控制技术,保留
26,装备制造大类,2603,自动化类,260304,机器人技术,760304,工业机器人技术,更名
26,装备制造大类,2603,自动化类,260305,自动化技术与应用,760306,自动化技术与应用,保留
26,装备制造大类,2603,自动化类,260306,现代测控工程技术,,,新增
26,装备制造大类,2603,自动化类,260307,工业互联网工程,,,新增
26,装备制造大类,2604,轨道装备类,260401,轨道交通车辆工程技术,,,新增
26,装备制造大类,2604,轨道装备类,260402,轨道交通智能控制装备技术,,,新增
26,装备制造大类,2605,船舶与海洋工程装备类,260501,船舶智能制造技术,,,新增
26,装备制造大类,2605,船舶与海洋工程装备类,260502,船舶动力工程技术,,,新增
26,装备制造大类,2605,船舶与海洋工程装备类,260503,船舶电气工程技术,,,新增
26,装备制造大类,2606,航空装备类,260601,航空智能制造技术,,,新增
26,装备制造大类,2606,航空装备类,260602,飞行器维修工程技术,,,新增
26,装备制造大类,2606,航空装备类,260603,航空动力装置维修技术,,,新增
26,装备制造大类,2606,航空装备类,260604,无人机系统应用技术,,,新增
26,装备制造大类,2607,汽车制造类,260701,汽车工程技术,760701,车辆工程,更名
26,装备制造大类,2607,汽车制造类,260702,新能源汽车工程技术,760703,新能源汽车工程,更名
26,装备制造大类,2607,汽车制造类,260703,智能网联汽车工程技术,,,新增
27,生物与化工大类,2701,生物技术类,270101,生物检验检测技术,,,新增
27,生物与化工大类,2701,生物技术类,270102,合成生物技术,,,新增
27,生物与化工大类,2701,生物技术类,270103,农业生物技术,,,新增
27,生物与化工大类,2702,化工技术类,270201,应用化工技术,770201,化学工程与工艺,更名
27,生物与化工大类,2702,化工技术类,270202,化工智能制造工程技术,,,新增
27,生物与化工大类,2702,化工技术类,270203,现代精细化工技术,,,新增
27,生物与化工大类,2702,化工技术类,270204,现代分析测试技术,,,新增
28,轻工纺织大类,2801,轻化工类,280101,化妆品工程技术,,,新增
28,轻工纺织大类,2801,轻化工类,280102,现代造纸工程技术,,,新增
28,轻工纺织大类,2802,包装类,280201,包装工程技术,,,新增
28,轻工纺织大类,2803,印刷类,280301,数字印刷工程,780301,印刷工程,更名
28,轻工纺织大类,2804,纺织服装类,280401,现代纺织工程技术,,,新增
28,轻工纺织大类,2804,纺织服装类,280402,服装工程技术,,,新增
29,食品药品与粮食大类,2901,食品类,290101,食品工程技术,,,新增
29,食品药品与粮食大类,2901,食品类,290102,食品质量与安全,790101,食品质量与安全,保留
29,食品药品与粮食大类,2901,食品类,290103,食品营养与健康,,,新增
29,食品药品与粮食大类,2902,药品与医疗器械类,290201,制药工程技术,790201,制药工程,更名
29,食品药品与粮食大类,2902,药品与医疗器械类,290202,药品质量管理,,,新增
29,食品药品与粮食大类,2902,药品与医疗器械类,290203,医疗器械工程技术,,,新增
29,食品药品与粮食大类,2902,药品与医疗器械类,290204,药事服务与管理,,,新增
29,食品药品与粮食大类,2903,粮食类,290301,现代粮食工程技术,,,新增
30,交通运输大类,3001,铁道运输类,300101,高速铁路工程,,,新增
30,交通运输大类,3001,铁道运输类,300102,高速铁路动车组技术,,,新增
30,交通运输大类,3001,铁道运输类,300103,高速铁路信号控制技术,,,新增
30,交通运输大类,3001,铁道运输类,300104,铁道机车智能运用技术,,,新增
30,交通运输大类,3001,铁道运输类,300105,高速铁路运营管理,,,新增
30,交通运输大类,3002,道路运输类,300201,道路与桥梁工程,800201,道路桥梁工程,更名
30,交通运输大类,3002,道路运输类,300202,智能交通管理,,,新增
30,交通运输大类,3002,道路运输类,300203,汽车服务工程技术,760702,汽车服务工程,归属调整、更名
30,交通运输大类,3003,水上运输类,300301,航海技术,800301,航海技术,保留
30,交通运输大类,3003,水上运输类,300302,港口智能工程技术,,,新增
30,交通运输大类,3003,水上运输类,300303,轮机工程技术,,,新增
30,交通运输大类,3003,水上运输类,300304,国际邮轮运营管理,,,新增
30,交通运输大类,3003,水上运输类,300305,水路运输与海事管理,800302,水路运输与海事管理,保留
30,交通运输大类,3004,航空运输类,300401,民航运输服务与管理,,,新增
30,交通运输大类,3004,航空运输类,300402,航空机电设备维修技术,,,新增
30,交通运输大类,3004,航空运输类,300403,智慧机场运行与管理,,,新增
30,交通运输大类,3004,航空运输类,300404,通用航空航务技术,,,新增
30,交通运输大类,3006,城市轨道交通类,300601,城市轨道交通信号与控制技术,800601,轨道交通信号与控制,更名
30,交通运输大类,3006,城市轨道交通类,300602,城市轨道交通设备与控制技术,800602,城市轨道交通设备与控制,更名
30,交通运输大类,3006,城市轨道交通类,300603,城市轨道交通智能运营,,,新增
30,交通运输大类,3007,邮政类,300701,邮政快递管理,,,新增
31,电子与信息大类,3101,电子信息类,310101,电子信息工程技术,810101,电子信息工程,更名
31,电子与信息大类,3101,电子信息类,310102,物联网工程技术,810102,物联网工程,更名
31,电子与信息大类,3101,电子信息类,310103,柔性电子技术,,,新增
31,电子与信息大类,3101,电子信息类,310104,光电信息工程技术,,,新增
31,电子与信息大类,3102,计算机类,310201,计算机应用工程,810201,计算机应用工程,保留
31,电子与信息大类,3102,计算机类,310202,网络工程技术,810202,网络工程,更名
31,电子与信息大类,3102,计算机类,310203,软件工程技术,810203,软件工程,更名
31,电子与信息大类,3102,计算机类,310204,数字媒体技术,810204,数字媒体技术,保留
31,电子与信息大类,3102,计算机类,310205,大数据工程技术,810206,大数据技术与应用,更名
31,电子与信息大类,3102,计算机类,310206,云计算技术,,,新增
31,电子与信息大类,3102,计算机类,310207,信息安全与管理,810205,信息安全与管理,保留
31,电子与信息大类,3102,计算机类,310208,虚拟现实技术,810208,虚拟现实技术与应用,更名
31,电子与信息大类,3102,计算机类,310209,人工智能工程技术,,,新增
31,电子与信息大类,3102,计算机类,310210,嵌入式技术,,,新增
31,电子与信息大类,3102,计算机类,310211,工业互联网技术,,,新增
31,电子与信息大类,3102,计算机类,310212,区块链技术,810207,区块链技术与应用,更名
31,电子与信息大类,3103,通信类,310301,现代通信工程,810301,通信工程,更名
31,电子与信息大类,3104,集成电路类,310401,集成电路工程技术,810103,集成电路技术与应用,归属调整、更名
32,医药卫生大类,3202,护理类,320201,护理,820201,护理,保留
32,医药卫生大类,3203,药学类,320301,药学,,,新增
32,医药卫生大类,3204,中医药类,320401,中药制药,,,新增
32,医药卫生大类,3205,医学技术类,320501,医学检验技术,,,新增
32,医药卫生大类,3205,医学技术类,320502,医学影像技术,,,新增
32,医药卫生大类,3205,医学技术类,320503,医学生物技术,,,新增
32,医药卫生大类,3205,医学技术类,320504,口腔医学技术,,,新增
32,医药卫生大类,3205,医学技术类,320505,放射治疗技术,,,新增
32,医药卫生大类,3205,医学技术类,320506,呼吸治疗技术,,,新增
32,医药卫生大类,3206,康复治疗类,320601,康复治疗,820501,康复治疗,保留
32,医药卫生大类,3206,康复治疗类,320602,康复辅助器具技术,,,新增
32,医药卫生大类,3206,康复治疗类,320603,言语听觉治疗技术,,,新增
32,医药卫生大类,3206,康复治疗类,320604,儿童康复治疗,,,新增
32,医药卫生大类,3207,公共卫生与卫生管理类,320701,公共卫生管理,,,新增
32,医药卫生大类,3207,公共卫生与卫生管理类,320702,职业卫生工程技术,,,新增
32,医药卫生大类,3207,公共卫生与卫生管理类,320703,职业病危害检测评价技术,,,新增
32,医药卫生大类,3208,健康管理与促进类,320801,健康管理,820801,健康服务与管理,更名
32,医药卫生大类,3208,健康管理与促进类,320802,婴幼儿发展与健康管理,,,新增
32,医药卫生大类,3208,健康管理与促进类,320803,医养照护与管理,,,新增
32,医药卫生大类,3209,眼视光类,320901,眼视光技术,,,新增
33,财经商贸大类,3301,财政税务类,330101,财税大数据应用,,,新增
33,财经商贸大类,3302,金融类,330201,金融管理,830201,金融管理,保留
33,财经商贸大类,3302,金融类,330202,金融科技应用,830202,互联网金融,更名
33,财经商贸大类,3302,金融类,330203,保险,,,新增
33,财经商贸大类,3302,金融类,330204,信用管理,,,新增
33,财经商贸大类,3303,财务会计类,330301,大数据与财务管理,830301,财务管理,更名
33,财经商贸大类,3303,财务会计类,330302,大数据与会计,830302,会计,更名
33,财经商贸大类,3303,财务会计类,330303,大数据与审计,,,新增
33,财经商贸大类,3305,经济贸易类,330501,国际经济与贸易,830501,国际经济与贸易,保留
33,财经商贸大类,3306,工商管理类,330601,企业数字化管理,,,新增
33,财经商贸大类,3306,工商管理类,330602,市场营销,830701,市场营销,归属调整
33,财经商贸大类,3307,电子商务类,330701,电子商务,830801,电子商务,保留
33,财经商贸大类,3307,电子商务类,330702,跨境电子商务,830802,跨境电子商务,保留
33,财经商贸大类,3307,电子商务类,330703,全媒体电商运营,,,新增
33,财经商贸大类,3308,物流类,330801,物流工程技术,830902,物流工程,更名
33,财经商贸大类,3308,物流类,330802,现代物流管理,830901,物流管理,更名
34,旅游大类,3401,旅游类,340101,旅游管理,840101,旅游管理,保留
34,旅游大类,3401,旅游类,340102,酒店管理,840102,酒店管理,保留
34,旅游大类,3401,旅游类,340103,旅游规划与设计,,,新增
34,旅游大类,3402,餐饮类,340201,烹饪与餐饮管理,,,新增
35,文化艺术大类,3501,艺术设计类,350101,工艺美术,850105,工艺美术,保留
35,文化艺术大类,3501,艺术设计类,350102,视觉传达设计,850101,视觉传达设计,保留
35,文化艺术大类,3501,艺术设计类,350103,数字媒体艺术,850102,数字媒体艺术,保留
35,文化艺术大类,3501,艺术设计类,350104,产品设计,850107,产品设计,保留
35,文化艺术大类,3501,艺术设计类,350105,服装与服饰设计,850103,服装与服饰设计,保留
35,文化艺术大类,3501,艺术设计类,350106,环境艺术设计,850104,环境艺术设计,保留
35,文化艺术大类,3501,艺术设计类,350107,美术,850106,美术,保留
35,文化艺术大类,3501,艺术设计类,350108,公共艺术设计,850108,公共艺术设计,保留
35,文化艺术大类,3501,艺术设计类,350109,游戏创意设计,,,新增
35,文化艺术大类,3501,艺术设计类,350110,展示艺术设计,,,新增
35,文化艺术大类,3501,艺术设计类,350111,数字影像设计,,,新增
35,文化艺术大类,3501,艺术设计类,350112,时尚品设计,,,新增
35,文化艺术大类,3502,表演艺术类,350201,音乐表演,850202,音乐表演,保留
35,文化艺术大类,3502,表演艺术类,350202,舞蹈表演与编导,850201,舞蹈表演,更名
35,文化艺术大类,3502,表演艺术类,350203,戏曲表演,,,新增
35,文化艺术大类,3502,表演艺术类,350204,舞台艺术设计,,,新增
35,文化艺术大类,3504,文化服务类,350401,文物修复与保护,,,新增
36,新闻传播大类,3601,新闻出版类,360101,网络与新媒体,860101,网络与新媒体,保留
36,新闻传播大类,3602,广播影视类,360201,播音与主持,860201,播音与主持,保留
36,新闻传播大类,3602,广播影视类,360202,影视摄影与制作,860203,影视摄影与制作,保留
36,新闻传播大类,3602,广播影视类,360203,数字广播电视技术,,,新增
36,新闻传播大类,3602,广播影视类,360204,影视编导,860202,影视编导,保留
36,新闻传播大类,3602,广播影视类,360205,全媒体新闻采编与制作,,,新增
36,新闻传播大类,3602,广播影视类,360206,数字动画,,,新增
37,教育与体育大类,3701,教育类,370101,学前教育,870101,学前教育,保留
37,教育与体育大类,3702,语言类,370201,应用英语,870201,商务英语,更名
37,教育与体育大类,3702,语言类,370202,应用日语,870202,商务日语,更名
37,教育与体育大类,3702,语言类,370203,应用韩语,870203,应用韩语,保留
37,教育与体育大类,3702,语言类,370204,应用俄语,870204,应用俄语,保留
37,教育与体育大类,3702,语言类,370205,应用泰语,870205,应用泰语,保留
37,教育与体育大类,3702,语言类,370206,应用外语,,,新增
37,教育与体育大类,3702,语言类,370207,应用西班牙语,,,新增
37,教育与体育大类,3702,语言类,370208,中文国际教育,,,新增
37,教育与体育大类,3703,体育类,370301,社会体育指导与管理,870401,社会体育指导与管理,保留
37,教育与体育大类,3703,体育类,370302,休闲体育,870402,休闲体育,保留
37,教育与体育大类,3703,体育类,370303,体能训练,,,新增
37,教育与体育大类,3703,体育类,370304,电子竞技技术与管理,,,新增
38,公安与司法大类,3802,公安技术类,380201,刑事科学技术,,,新增
38,公安与司法大类,3802,公安技术类,380202,网络安全与执法,,,新增
38,公安与司法大类,3803,侦查类,380301,刑事侦查,,,新增
38,公安与司法大类,3804,法律实务类,380401,法律,,,新增
38,公安与司法大类,3805,法律执行类,380501,刑事矫正与管理,,,新增
38,公安与司法大类,3805,法律执行类,380502,司法警务管理,,,新增
38,公安与司法大类,3805,法律执行类,380503,综合行政执法,,,新增
38,公安与司法大类,3806,司法技术类,380601,智慧司法技术与应用,,,新增
38,公安与司法大类,3807,安全防范类,380701,数字安防技术,,,新增
38,公安与司法大类,3807,安全防范类,380702,国际安保服务与管理,,,新增
39,公共管理与服务大类,3901,公共事业类,390101,社会工作,,,新增
39,公共管理与服务大类,3901,公共事业类,390102,党务工作,,,新增
39,公共管理与服务大类,3901,公共事业类,390103,智慧社区管理,,,新增
39,公共管理与服务大类,3902,公共管理类,390201,民政管理,,,新增
39,公共管理与服务大类,3902,公共管理类,390202,人力资源管理,,,新增
39,公共管理与服务大类,3902,公共管理类,390203,行政管理,,,新增
39,公共管理与服务大类,3902,公共管理类,390204,外事实务,,,新增
39,公共管理与服务大类,3903,公共服务类,390301,现代家政管理,890301,家政管理,更名
39,公共管理与服务大类,3903,公共服务类,390302,智慧健康养老管理,,,新增
41,农林牧渔大类,4101,农业类,410101,种子生产与经营,510102,种子生产与经营,保留
41,农林牧渔大类,4101,农业类,410102,作物生产与经营管理,510101,作物生产技术,更名
41,农林牧渔大类,4101,农业类,410103,现代农业技术,510104,现代农业技术,保留
41,农林牧渔大类,4101,农业类,410104,生态农业技术,510106,生态农业技术,保留
41,农林牧渔大类,4101,农业类,410105,园艺技术,510107,园艺技术,保留
41,农林牧渔大类,4101,农业类,410106,植物保护与检疫技术,510108,植物保护与检疫技术,保留
41,农林牧渔大类,4101,农业类,410107,茶叶生产与加工技术,510109,茶树栽培与茶叶加工,更名
41,农林牧渔大类,4101,农业类,410108,中草药栽培与加工技术,510110,中草药栽培技术,更名
41,农林牧渔大类,4101,农业类,410109,烟草栽培与加工技术,510111,烟草栽培与加工,更名
41,农林牧渔大类,4101,农业类,410110,饲草生产技术,,,新增
41,农林牧渔大类,4101,农业类,410111,食用菌生产与加工技术,510120,食用菌生产与加工,更名
41,农林牧渔大类,4101,农业类,410112,设施农业与装备,510103,设施农业与装备,保留
41,农林牧渔大类,4101,农业类,410113,现代农业装备应用技术,510117,农业装备应用技术,更名
41,农林牧渔大类,4101,农业类,410114,农产品加工与质量检测,510113,农产品加工与质量检测,保留
41,农林牧渔大类,4101,农业类,410115,绿色食品生产技术,510114,绿色食品生产与检验,更名
41,农林牧渔大类,4101,农业类,410116,农产品流通与管理,510116,农产品流通与管理,保留
41,农林牧渔大类,4101,农业类,410117,棉花加工与经营管理,510112,棉花加工与经营管理,保留
41,农林牧渔大类,4101,农业类,410118,休闲农业经营与管理,510105,休闲农业,更名
41,农林牧渔大类,4101,农业类,410119,现代农业经济管理,510118,农业经济管理,归属调整、合并、更名
41,农林牧渔大类,4101,农业类,410120,农村新型经济组织管理,510119,农村经营管理,更名
41,农林牧渔大类,4102,林业类,410201,林业技术,510201,林业技术,保留
41,农林牧渔大类,4102,林业类,410202,园林技术,510202,园林技术,保留
41,农林牧渔大类,4102,林业类,410203,草业技术,510312,草业技术,归属调整
41,农林牧渔大类,4102,林业类,410204,花卉生产与花艺,,,新增
41,农林牧渔大类,4102,林业类,410205,经济林培育与利用,510204,经济林培育与利用,保留
41,农林牧渔大类,4102,林业类,410206,森林和草原资源保护,510203,森林资源保护,更名
41,农林牧渔大类,4102,林业类,410207,林草生态保护与修复,,,新增
41,农林牧渔大类,4102,林业类,410208,野生动植物资源保护与利用,510205,野生植物资源保护与利用,合并、更名
41,农林牧渔大类,4102,林业类,410209,自然保护地建设与管理,510209,自然保护区建设与管理,更名
41,农林牧渔大类,4102,林业类,410210,森林生态旅游与康养,510207,森林生态旅游,更名
41,农林牧渔大类,4102,林业类,410211,林业信息技术应用,510212,林业调查与信息处理,合并、更名
41,农林牧渔大类,4102,林业类,410212,木业智能装备应用技术,510210,木工设备应用技术,更名
41,农林牧渔大类,4102,林业类,410213,木业产品设计与制造,510211,木材加工技术,更名
41,农林牧渔大类,4103,畜牧业类,410301,动物医学,510302,动物医学,合并
41,农林牧渔大类,4103,畜牧业类,410302,动物药学,510303,动物药学,保留
41,农林牧渔大类,4103,畜牧业类,410303,畜牧兽医,510301,畜牧兽医,保留
41,农林牧渔大类,4103,畜牧业类,410304,中兽医,,,新增
41,农林牧渔大类,4103,畜牧业类,410305,宠物医疗技术,510315,宠物临床诊疗技术,更名
41,农林牧渔大类,4103,畜牧业类,410306,动物防疫与检疫,510304,动物防疫与检疫,保留
41,农林牧渔大类,4103,畜牧业类,410307,畜禽智能化养殖,510310,畜牧工程技术,更名
41,农林牧渔大类,4103,畜牧业类,410308,特种动物养殖技术,510307,实验动物技术,合并、更名
41,农林牧渔大类,4103,畜牧业类,410309,宠物养护与驯导,510306,宠物养护与驯导,保留
41,农林牧渔大类,4103,畜牧业类,410310,动物营养与饲料,510308,饲料与动物营养,更名
41,农林牧渔大类,4103,畜牧业类,410311,蚕桑技术,510311,蚕桑技术,保留
41,农林牧渔大类,4104,渔业类,410401,水产养殖技术,510401,水产养殖技术,保留
41,农林牧渔大类,4104,渔业类,410402,海洋渔业技术,510402,海洋渔业技术,保留
41,农林牧渔大类,4104,渔业类,410403,水族科学与技术,510403,水族科学与技术,保留
41,农林牧渔大类,4104,渔业类,410404,水生动物医学,510404,水生动物医学,保留
42,资源环境与安全大类,4201,资源勘查类,420101,国土资源调查与管理,520101,国土资源调查与管理,保留
42,资源环境与安全大类,4201,资源勘查类,420102,地质调查与矿产普查,520102,地质调查与矿产普查,保留
42,资源环境与安全大类,4201,资源勘查类,420103,生态地质调查,,,新增
42,资源环境与安全大类,4201,资源勘查类,420104,矿产地质勘查,520103,矿产地质与勘查,更名
42,资源环境与安全大类,4201,资源勘查类,420105,煤田地质勘查,520106,煤田地质与勘查技术,更名
42,资源环境与安全大类,4201,资源勘查类,420106,岩矿分析与鉴定,520104,岩矿分析与鉴定,保留
42,资源环境与安全大类,4201,资源勘查类,420107,宝玉石鉴定与加工,520105,宝玉石鉴定与加工,保留
42,资源环境与安全大类,4202,地质类,420201,工程地质勘查,520201,工程地质勘查,保留
42,资源环境与安全大类,4202,地质类,420202,水文与工程地质,520202,水文与工程地质,保留
42,资源环境与安全大类,4202,地质类,420203,矿山地质,520204,矿山地质,保留
42,资源环境与安全大类,4202,地质类,420204,钻探工程技术,520203,钻探技术,更名
42,资源环境与安全大类,4202,地质类,420205,岩土工程技术,520208,岩土工程技术,保留
42,资源环境与安全大类,4202,地质类,420206,地球物理勘探技术,520205,地球物理勘探技术,保留
42,资源环境与安全大类,4202,地质类,420207,地质灾害调查与防治,520206,地质灾害调查与防治,保留
42,资源环境与安全大类,4202,地质类,420208,环境地质工程,520207,环境地质工程,保留
42,资源环境与安全大类,4202,地质类,420209,城市地质勘查,,,新增
42,资源环境与安全大类,4203,测绘地理信息类,420301,工程测量技术,520301,工程测量技术,保留
42,资源环境与安全大类,4203,测绘地理信息类,420302,测绘工程技术,520303,测绘工程技术,合并
42,资源环境与安全大类,4203,测绘地理信息类,420303,测绘地理信息技术,520304,测绘地理信息技术,保留
42,资源环境与安全大类,4203,测绘地理信息类,420304,摄影测量与遥感技术,520302,摄影测量与遥感技术,保留
42,资源环境与安全大类,4203,测绘地理信息类,420305,地籍测绘与土地管理,520305,地籍测绘与土地管理,归属调整、合并
42,资源环境与安全大类,4203,测绘地理信息类,420306,国土空间规划与测绘,520311,国土测绘与规划,更名
42,资源环境与安全大类,4203,测绘地理信息类,420307,无人机测绘技术,,,新增
42,资源环境与安全大类,4203,测绘地理信息类,420308,矿山测量,520306,矿山测量,保留
42,资源环境与安全大类,4203,测绘地理信息类,420309,导航与位置服务,520308,导航与位置服务,保留
42,资源环境与安全大类,4203,测绘地理信息类,420310,空间数字建模与应用技术,520309,地图制图与数字传播技术,更名
42,资源环境与安全大类,4204,石油与天然气类,420401,油气储运技术,520403,油气储运技术,保留
42,资源环境与安全大类,4204,石油与天然气类,420402,油气地质勘探技术,520404,油气地质勘探技术,保留
42,资源环境与安全大类,4204,石油与天然气类,420403,钻井技术,520401,钻井技术,保留
42,资源环境与安全大类,4204,石油与天然气类,420404,油气智能开采技术,520402,油气开采技术,更名
42,资源环境与安全大类,4204,石油与天然气类,420405,油田化学应用技术,520405,油田化学应用技术,保留
42,资源环境与安全大类,4204,石油与天然气类,420406,石油工程技术,520406,石油工程技术,保留
42,资源环境与安全大类,4205,煤炭类,420501,煤矿智能开采技术,520501,煤矿开采技术,合并、更名
42,资源环境与安全大类,4205,煤炭类,420502,矿井建设工程技术,520502,矿井建设,更名
42,资源环境与安全大类,4205,煤炭类,420503,通风技术与安全管理,520504,矿井通风与安全,更名
42,资源环境与安全大类,4205,煤炭类,420504,矿山机电与智能装备,520503,矿山机电技术,合并、更名
42,资源环境与安全大类,4205,煤炭类,420505,煤炭清洁利用技术,520506,选煤技术,合并、更名
42,资源环境与安全大类,4205,煤炭类,420506,煤层气采输技术,520509,煤层气采输技术,保留
42,资源环境与安全大类,4206,金属与非金属矿类,420601,矿山智能开采技术,520601,金属与非金属矿开采技术,合并、更名
42,资源环境与安全大类,4206,金属与非金属矿类,420602,矿物加工技术,520602,矿物加工技术,保留
42,资源环境与安全大类,4207,气象类,420701,大气科学技术,520701,大气科学技术,保留
42,资源环境与安全大类,4207,气象类,420702,大气探测技术,520702,大气探测技术,保留
42,资源环境与安全大类,4207,气象类,420703,应用气象技术,520703,应用气象技术,保留
42,资源环境与安全大类,4207,气象类,420704,雷电防护技术,520704,防雷技术,更名
42,资源环境与安全大类,4208,环境保护类,420801,环境监测技术,520801,环境监测与控制技术,合并、更名
42,资源环境与安全大类,4208,环境保护类,420802,环境工程技术,520804,环境工程技术,保留
42,资源环境与安全大类,4208,环境保护类,420803,生态保护技术,520802,农村环境保护,更名
42,资源环境与安全大类,4208,环境保护类,420804,生态环境大数据技术,520805,环境信息技术,更名
42,资源环境与安全大类,4208,环境保护类,420805,环境管理与评价,520807,环境规划与管理,合并、更名
42,资源环境与安全大类,4208,环境保护类,420806,生态环境修复技术,520809,污染修复与生态工程技术,更名
42,资源环境与安全大类,4208,环境保护类,420807,绿色低碳技术,520810,清洁生产与减排技术,更名
42,资源环境与安全大类,4208,环境保护类,420808,资源综合利用技术,520811,资源综合利用与管理技术,更名
42,资源环境与安全大类,4208,环境保护类,420809,水净化与安全技术,520812,水净化与安全技术,保留
42,资源环境与安全大类,4208,环境保护类,420810,核与辐射检测防护技术,520806,核与辐射检测防护技术,保留
42,资源环境与安全大类,4208,环境保护类,420811,智能环保装备技术,,,新增
42,资源环境与安全大类,4209,安全类,420901,安全技术与管理,520904,安全技术与管理,保留
42,资源环境与安全大类,4209,安全类,420902,化工安全技术,520902,化工安全技术,保留
42,资源环境与安全大类,4209,安全类,420903,工程安全评价与监理,520905,工程安全评价与监理,保留
42,资源环境与安全大类,4209,安全类,420904,安全智能监测技术,520906,安全生产监测监控,更名
42,资源环境与安全大类,4209,安全类,420905,应急救援技术,520903,救援技术,更名
42,资源环境与安全大类,4209,安全类,420906,消防救援技术,,,新增
42,资源环境与安全大类,4209,安全类,420907,森林草原防火技术,510208,森林防火指挥与通讯,归属调整、更名
42,资源环境与安全大类,4209,安全类,420908,职业健康安全技术,520901,安全健康与环保,合并、更名
43,能源动力与材料大类,4301,电力技术类,430101,发电厂及电力系统,530101,发电厂及电力系统,保留
43,能源动力与材料大类,4301,电力技术类,430102,水电站机电设备与自动化,530106,水电站机电设备与自动化,保留
43,能源动力与材料大类,4301,电力技术类,430103,水电站与电力网技术,530109,水电站与电力网,更名
43,能源动力与材料大类,4301,电力技术类,430104,分布式发电与智能微电网技术,530112,分布式发电与微电网技术,更名
43,能源动力与材料大类,4301,电力技术类,430105,电力系统自动化技术,530103,电力系统自动化技术,保留
43,能源动力与材料大类,4301,电力技术类,430106,电力系统继电保护技术,530105,电力系统继电保护与自动化技术,更名
43,能源动力与材料大类,4301,电力技术类,430107,输配电工程技术,530104,高压输配电线路施工运行与维护,更名
43,能源动力与材料大类,4301,电力技术类,430108,供用电技术,530102,供用电技术,保留
43,能源动力与材料大类,4301,电力技术类,430109,农业电气化技术,530111,农业电气化技术,保留
43,能源动力与材料大类,4301,电力技术类,430110,机场电工技术,530113,机场电工技术,保留
43,能源动力与材料大类,4301,电力技术类,430111,电力客户服务与管理,530108,电力客户服务与管理,保留
43,能源动力与材料大类,4302,热能与发电工程类,430201,热能动力工程技术,530201,电厂热能动力装置,更名
43,能源动力与材料大类,4302,热能与发电工程类,430202,城市热能应用技术,530202,城市热能应用技术,保留
43,能源动力与材料大类,4302,热能与发电工程类,430203,地热开发技术,,,新增
43,能源动力与材料大类,4302,热能与发电工程类,430204,太阳能光热技术与应用,530307,太阳能光热技术与应用,归属调整
43,能源动力与材料大类,4302,热能与发电工程类,430205,发电运行技术,530204,火电厂集控运行,更名
43,能源动力与材料大类,4302,热能与发电工程类,430206,热工自动化技术,530206,电厂热工自动化技术,更名
43,能源动力与材料大类,4302,热能与发电工程类,430207,核电站动力设备运行与维护,530203,核电站动力设备运行与维护,保留
43,能源动力与材料大类,4302,热能与发电工程类,430208,电厂化学与环保技术,530205,电厂化学与环保技术,保留
43,能源动力与材料大类,4303,新能源发电工程类,430301,光伏工程技术,530304,光伏发电技术与应用,归属调整、合并
43,能源动力与材料大类,4303,新能源发电工程类,430302,风力发电工程技术,530301,风力发电工程技术,合并
43,能源动力与材料大类,4303,新能源发电工程类,430303,生物质能应用技术,530303,生物质能应用技术,合并
43,能源动力与材料大类,4303,新能源发电工程类,430304,氢能技术应用,530309,氢能技术应用,保留
43,能源动力与材料大类,4303,新能源发电工程类,430305,工业节能技术,530305,工业节能技术,保留
43,能源动力与材料大类,4303,新能源发电工程类,430306,节电技术与管理,530306,节电技术与管理,保留
43,能源动力与材料大类,4303,新能源发电工程类,430307,新能源材料应用技术,,,新增
43,能源动力与材料大类,4304,黑色金属材料类,430401,钢铁智能冶金技术,530401,黑色冶金技术,更名
43,能源动力与材料大类,4304,黑色金属材料类,430402,智能轧钢技术,530402,轧钢工程技术,更名
43,能源动力与材料大类,4304,黑色金属材料类,430403,钢铁冶金设备维护,530403,钢铁冶金设备应用技术,更名
43,能源动力与材料大类,4304,黑色金属材料类,430404,金属材料检测技术,530404,金属材料质量检测,合并、更名
43,能源动力与材料大类,4305,有色金属材料类,430501,有色金属智能冶金技术,530501,有色冶金技术,合并、更名
43,能源动力与材料大类,4305,有色金属材料类,430502,金属智能加工技术,530503,金属压力加工,更名
43,能源动力与材料大类,4305,有色金属材料类,430503,金属精密成型技术,530504,金属精密成型技术,保留
43,能源动力与材料大类,4305,有色金属材料类,430504,储能材料技术,530505,储能材料技术,保留
43,能源动力与材料大类,4305,有色金属材料类,430505,稀土材料技术,,,新增
43,能源动力与材料大类,4306,非金属材料类,430601,材料工程技术,530601,材料工程技术,保留
43,能源动力与材料大类,4306,非金属材料类,430602,高分子材料智能制造技术,530602,高分子材料工程技术,归属调整、合并、更名
43,能源动力与材料大类,4306,非金属材料类,430603,复合材料智能制造技术,530603,复合材料工程技术,更名
43,能源动力与材料大类,4306,非金属材料类,430604,航空复合材料成型与加工技术,,,新增
43,能源动力与材料大类,4306,非金属材料类,430605,非金属矿物材料技术,530604,非金属矿物材料技术,保留
43,能源动力与材料大类,4306,非金属材料类,430606,光伏材料制备技术,530605,光伏材料制备技术,保留
43,能源动力与材料大类,4306,非金属材料类,430607,硅材料制备技术,530607,硅材料制备技术,保留
43,能源动力与材料大类,4306,非金属材料类,430608,炭材料工程技术,530606,炭素加工技术,更名
43,能源动力与材料大类,4306,非金属材料类,430609,橡胶智能制造技术,530608,橡胶工程技术,更名
43,能源动力与材料大类,4307,建筑材料类,430701,建筑材料工程技术,530701,建筑材料工程技术,合并
43,能源动力与材料大类,4307,建筑材料类,430702,新型建筑材料技术,530705,新型建筑材料技术,保留
43,能源动力与材料大类,4307,建筑材料类,430703,建筑装饰材料技术,530703,建筑装饰材料技术,保留
43,能源动力与材料大类,4307,建筑材料类,430704,建筑材料检测技术,530702,建筑材料检测技术,保留
43,能源动力与材料大类,4307,建筑材料类,430705,装配式建筑构件智能制造技术,,,新增
44,土木建筑大类,4401,建筑设计类,440101,建筑设计,540101,建筑设计,保留
44,土木建筑大类,4401,建筑设计类,440102,建筑装饰工程技术,540102,建筑装饰工程技术,保留
44,土木建筑大类,4401,建筑设计类,440103,古建筑工程技术,540103,古建筑工程技术,保留
44,土木建筑大类,4401,建筑设计类,440104,园林工程技术,540106,园林工程技术,保留
44,土木建筑大类,4401,建筑设计类,440105,风景园林设计,540105,风景园林设计,保留
44,土木建筑大类,4401,建筑设计类,440106,建筑室内设计,540104,建筑室内设计,保留
44,土木建筑大类,4401,建筑设计类,440107,建筑动画技术,540107,建筑动画与模型制作,更名
44,土木建筑大类,4402,城乡规划与管理类,440201,城乡规划,540201,城乡规划,保留
44,土木建筑大类,4402,城乡规划与管理类,440202,智慧城市管理技术,540203,城市信息化管理,更名
44,土木建筑大类,4402,城乡规划与管理类,440203,村镇建设与管理,540202,村镇建设与管理,保留
44,土木建筑大类,4403,土建施工类,440301,建筑工程技术,540301,建筑工程技术,保留
44,土木建筑大类,4403,土建施工类,440302,装配式建筑工程技术,,,新增
44,土木建筑大类,4403,土建施工类,440303,建筑钢结构工程技术,540304,建筑钢结构工程技术,保留
44,土木建筑大类,4403,土建施工类,440304,智能建造技术,,,新增
44,土木建筑大类,4403,土建施工类,440305,地下与隧道工程技术,540302,地下与隧道工程技术,保留
44,土木建筑大类,4403,土建施工类,440306,土木工程检测技术,540303,土木工程检测技术,保留
44,土木建筑大类,4404,建筑设备类,440401,建筑设备工程技术,540401,建筑设备工程技术,保留
44,土木建筑大类,4404,建筑设备类,440402,建筑电气工程技术,540403,建筑电气工程技术,保留
44,土木建筑大类,4404,建筑设备类,440403,供热通风与空调工程技术,540402,供热通风与空调工程技术,保留
44,土木建筑大类,4404,建筑设备类,440404,建筑智能化工程技术,540404,建筑智能化工程技术,保留
44,土木建筑大类,4404,建筑设备类,440405,工业设备安装工程技术,540405,工业设备安装工程技术,保留
44,土木建筑大类,4404,建筑设备类,440406,建筑消防技术,540406,消防工程技术,更名
44,土木建筑大类,4405,建设工程管理类,440501,工程造价,540502,工程造价,保留
44,土木建筑大类,4405,建设工程管理类,440502,建设工程管理,540501,建设工程管理,合并
44,土木建筑大类,4405,建设工程管理类,440503,建筑经济信息化管理,540503,建筑经济管理,更名
44,土木建筑大类,4405,建设工程管理类,440504,建设工程监理,540505,建设工程监理,保留
44,土木建筑大类,4406,市政工程类,440601,市政工程技术,540601,市政工程技术,保留
44,土木建筑大类,4406,市政工程类,440602,给排水工程技术,540603,给排水工程技术,保留
44,土木建筑大类,4406,市政工程类,440603,城市燃气工程技术,540602,城市燃气工程技术,保留
44,土木建筑大类,4406,市政工程类,440604,市政管网智能检测与维护,,,新增
44,土木建筑大类,4406,市政工程类,440605,城市环境工程技术,540604,环境卫生工程技术,更名
44,土木建筑大类,4407,房地产类,440701,房地产经营与管理,540701,房地产经营与管理,保留
44,土木建筑大类,4407,房地产类,440702,房地产智能检测与估价,540702,房地产检测与估价,更名
44,土木建筑大类,4407,房地产类,440703,现代物业管理,540703,物业管理,更名
45,水利大类,4501,水文水资源类,450101,水文与水资源技术,550101,水文与水资源工程,更名
45,水利大类,4501,水文水资源类,450102,水政水资源管理,550103,水政水资源管理,保留
45,水利大类,4502,水利工程与管理类,450201,水利工程,550201,水利工程,保留
45,水利大类,4502,水利工程与管理类,450202,智慧水利技术,,,新增
45,水利大类,4502,水利工程与管理类,450203,水利水电工程技术,550202,水利水电工程技术,保留
45,水利大类,4502,水利工程与管理类,450204,水利水电工程智能管理,550203,水利水电工程管理,更名
45,水利大类,4502,水利工程与管理类,450205,水利水电建筑工程,550204,水利水电建筑工程,保留
45,水利大类,4502,水利工程与管理类,450206,机电排灌工程技术,550205,机电排灌工程技术,保留
45,水利大类,4502,水利工程与管理类,450207,治河与航道工程技术,550206,港口航道与治河工程,更名
45,水利大类,4502,水利工程与管理类,450208,智能水务管理,550207,水务管理,更名
45,水利大类,4503,水利水电设备类,450301,水电站设备安装与管理,550301,水电站动力设备,更名
45,水利大类,4503,水利水电设备类,450302,水电站运行与智能管理,550303,水电站运行与管理,更名
45,水利大类,4503,水利水电设备类,450303,水利机电设备智能管理,550304,水利机电设备运行与管理,更名
45,水利大类,4504,水土保持与水环境类,450401,水土保持技术,550401,水土保持技术,保留
45,水利大类,4504,水土保持与水环境类,450402,水环境智能监测与治理,550402,水环境监测与治理,更名
45,水利大类,4504,水土保持与水环境类,450403,水生态修复技术,,,新增
46,装备制造大类,4601,机械设计制造类,460101,机械设计与制造,560101,机械设计与制造,保留
46,装备制造大类,4601,机械设计制造类,460102,数字化设计与制造技术,,,新增
46,装备制造大类,4601,机械设计制造类,460103,数控技术,560103,数控技术,保留
46,装备制造大类,4601,机械设计制造类,460104,机械制造及自动化,560102,机械制造与自动化,合并、更名
46,装备制造大类,4601,机械设计制造类,460105,工业设计,560118,工业设计,保留
46,装备制造大类,4601,机械设计制造类,460106,工业工程技术,560119,工业工程技术,保留
46,装备制造大类,4601,机械设计制造类,460107,材料成型及控制技术,560106,材料成型与控制技术,合并、更名
46,装备制造大类,4601,机械设计制造类,460108,现代铸造技术,560108,铸造技术,更名
46,装备制造大类,4601,机械设计制造类,460109,现代锻压技术,560109,锻压技术,更名
46,装备制造大类,4601,机械设计制造类,460110,智能焊接技术,560110,焊接技术与自动化,更名
46,装备制造大类,4601,机械设计制造类,460111,工业材料表面处理技术,,,新增
46,装备制造大类,4601,机械设计制造类,460112,增材制造技术,,,新增
46,装备制造大类,4601,机械设计制造类,460113,模具设计与制造,560113,模具设计与制造,保留
46,装备制造大类,4601,机械设计制造类,460114,特种加工技术,560105,特种加工技术,保留
46,装备制造大类,4601,机械设计制造类,460115,智能光电制造技术,560206,光电制造与应用技术,归属调整、更名
46,装备制造大类,4601,机械设计制造类,460116,电线电缆制造技术,560115,电线电缆制造技术,保留
46,装备制造大类,4601,机械设计制造类,460117,内燃机制造与应用技术,560116,内燃机制造与维修,更名
46,装备制造大类,4601,机械设计制造类,460118,机械装备制造技术,560117,机械装备制造技术,保留
46,装备制造大类,4601,机械设计制造类,460119,工业产品质量检测技术,560111,机械产品检测检验技术,更名
46,装备制造大类,4601,机械设计制造类,460120,理化测试与质检技术,560112,理化测试与质检技术,保留
46,装备制造大类,4602,机电设备类,460201,智能制造装备技术,560201,自动化生产设备应用,合并、更名
46,装备制造大类,4602,机电设备类,460202,机电设备技术,560202,机电设备安装技术,合并、更名
46,装备制造大类,4602,机电设备类,460203,电机与电器技术,560114,电机与电器技术,归属调整
46,装备制造大类,4602,机电设备类,460204,新能源装备技术,560207,新能源装备技术,保留
46,装备制造大类,4602,机电设备类,460205,制冷与空调技术,560205,制冷与空调技术,保留
46,装备制造大类,4602,机电设备类,460206,电梯工程技术,560308,电梯工程技术,归属调整
46,装备制造大类,4603,自动化类,460301,机电一体化技术,560301,机电一体化技术,保留
46,装备制造大类,4603,自动化类,460302,智能机电技术,,,新增
46,装备制造大类,4603,自动化类,460303,智能控制技术,560304,智能控制技术,保留
46,装备制造大类,4603,自动化类,460304,智能机器人技术,,,新增
46,装备制造大类,4603,自动化类,460305,工业机器人技术,560309,工业机器人技术,保留
46,装备制造大类,4603,自动化类,460306,电气自动化技术,560302,电气自动化技术,保留
46,装备制造大类,4603,自动化类,460307,工业过程自动化技术,560303,工业过程自动化技术,保留
46,装备制造大类,4603,自动化类,460308,工业自动化仪表技术,560306,工业自动化仪表,更名
46,装备制造大类,4603,自动化类,460309,液压与气动技术,560307,液压与气动技术,保留
46,装备制造大类,4603,自动化类,460310,工业互联网应用,,,新增
46,装备制造大类,4603,自动化类,460311,计量测试与应用技术,,,新增
46,装备制造大类,4604,轨道装备类,460401,铁道机车车辆制造与维护,560401,铁道机车车辆制造与维护,保留
46,装备制造大类,4604,轨道装备类,460402,高速铁路动车组制造与维护,,,新增
46,装备制造大类,4604,轨道装备类,460403,城市轨道交通车辆制造与维护,,,新增
46,装备制造大类,4604,轨道装备类,460404,轨道交通通信信号设备制造与维护,560402,铁道通信信号设备制造与维护,更名
46,装备制造大类,4604,轨道装备类,460405,轨道交通工程机械制造与维护,560403,铁道施工和养路机械制造与维护,更名
46,装备制造大类,4605,船舶与海洋工程装备类,460501,船舶工程技术,560501,船舶工程技术,保留
46,装备制造大类,4605,船舶与海洋工程装备类,460502,船舶动力工程技术,560502,船舶机械工程技术,合并
46,装备制造大类,4605,船舶与海洋工程装备类,460503,船舶电气工程技术,560503,船舶电气工程技术,保留
46,装备制造大类,4605,船舶与海洋工程装备类,460504,船舶智能焊接技术,,,新增
46,装备制造大类,4605,船舶与海洋工程装备类,460505,船舶舾装工程技术,560504,船舶舾装工程技术,保留
46,装备制造大类,4605,船舶与海洋工程装备类,460506,船舶涂装工程技术,560505,船舶涂装工程技术,保留
46,装备制造大类,4605,船舶与海洋工程装备类,460507,船舶通信装备技术,560508,船舶通信与导航,更名
46,装备制造大类,4605,船舶与海洋工程装备类,460508,游艇设计与制造,560506,游艇设计与制造,保留
46,装备制造大类,4605,船舶与海洋工程装备类,460509,邮轮内装技术,,,新增
46,装备制造大类,4605,船舶与海洋工程装备类,460510,海洋工程装备技术,560507,海洋工程技术,更名
46,装备制造大类,4606,航空装备类,460601,飞行器数字化制造技术,560601,飞行器制造技术,更名
46,装备制造大类,4606,航空装备类,460602,飞行器数字化装配技术,,,新增
46,装备制造大类,4606,航空装备类,460603,航空发动机制造技术,560603,航空发动机制造技术,保留
46,装备制造大类,4606,航空装备类,460604,航空发动机装配调试技术,560604,航空发动机装试技术,更名
46,装备制造大类,4606,航空装备类,460605,飞机机载设备装配调试技术,560606,飞机机载设备制造技术,合并、更名
46,装备制造大类,4606,航空装备类,460606,航空装备表面处理技术,,,新增
46,装备制造大类,4606,航空装备类,460607,飞行器维修技术,560602,飞行器维修技术,保留
46,装备制造大类,4606,航空装备类,460608,航空发动机维修技术,560605,航空发动机维修技术,保留
46,装备制造大类,4606,航空装备类,460609,无人机应用技术,560610,无人机应用技术,保留
46,装备制造大类,4606,航空装备类,460610,航空材料精密成型技术,560609,航空材料精密成型技术,保留
46,装备制造大类,4606,航空装备类,460611,导弹维修技术,560611,导弹维修,更名
46,装备制造大类,4607,汽车制造类,460701,汽车制造与试验技术,560701,汽车制造与装配技术,合并、更名
46,装备制造大类,4607,汽车制造类,460702,新能源汽车技术,560707,新能源汽车技术,保留
46,装备制造大类,4607,汽车制造类,460703,汽车电子技术,560703,汽车电子技术,保留
46,装备制造大类,4607,汽车制造类,460704,智能网联汽车技术,,,新增
46,装备制造大类,4607,汽车制造类,460705,汽车造型与改装技术,560704,汽车造型技术,合并、更名
47,生物与化工大类,4701,生物技术类,470101,食品生物技术,570101,食品生物技术,保留
47,生物与化工大类,4701,生物技术类,470102,药品生物技术,570103,药品生物技术,保留
47,生物与化工大类,4701,生物技术类,470103,农业生物技术,570104,农业生物技术,保留
47,生物与化工大类,4701,生物技术类,470104,化工生物技术,570102,化工生物技术,保留
47,生物与化工大类,4701,生物技术类,470105,生物产品检验检疫,570105,生物产品检验检疫,保留
47,生物与化工大类,4701,生物技术类,470106,绿色生物制造技术,,,新增
47,生物与化工大类,4701,生物技术类,470107,生物信息技术,,,新增
47,生物与化工大类,4702,化工技术类,470201,应用化工技术,570201,应用化工技术,保留
47,生物与化工大类,4702,化工技术类,470202,石油炼制技术,570202,石油炼制技术,保留
47,生物与化工大类,4702,化工技术类,470203,精细化工技术,570205,精细化工技术,保留
47,生物与化工大类,4702,化工技术类,470204,石油化工技术,570203,石油化工技术,保留
47,生物与化工大类,4702,化工技术类,470205,煤化工技术,570212,煤化工技术,保留
47,生物与化工大类,4702,化工技术类,470206,高分子合成技术,570204,高分子合成技术,保留
47,生物与化工大类,4702,化工技术类,470207,海洋化工技术,570206,海洋化工技术,保留
47,生物与化工大类,4702,化工技术类,470208,分析检验技术,570207,工业分析技术,归属调整、合并、更名
47,生物与化工大类,4702,化工技术类,470209,化工智能制造技术,,,新增
47,生物与化工大类,4702,化工技术类,470210,化工装备技术,570208,化工装备技术,保留
47,生物与化工大类,4702,化工技术类,470211,化工自动化技术,570209,化工自动化技术,保留
47,生物与化工大类,4702,化工技术类,470212,涂装防护技术,570210,涂装防护技术,保留
47,生物与化工大类,4702,化工技术类,470213,烟花爆竹技术与管理,570211,烟花爆竹技术与管理,保留
48,轻工纺织大类,4801,轻化工类,480101,化妆品技术,580106,化妆品技术,保留
48,轻工纺织大类,4801,轻化工类,480102,现代造纸技术,580102,制浆造纸技术,更名
48,轻工纺织大类,4801,轻化工类,480103,家具设计与制造,580105,家具设计与制造,保留
48,轻工纺织大类,4801,轻化工类,480104,鞋类设计与工艺,580109,鞋类设计与工艺,保留
48,轻工纺织大类,4801,轻化工类,480105,陶瓷制造技术与工艺,580111,陶瓷制造工艺,更名
48,轻工纺织大类,4801,轻化工类,480106,珠宝首饰技术与管理,580112,珠宝首饰技术与管理,保留
48,轻工纺织大类,4801,轻化工类,480107,皮革加工技术,580107,皮革加工技术,保留
48,轻工纺织大类,4801,轻化工类,480108,皮具制作与工艺,580108,皮具制作与工艺,保留
48,轻工纺织大类,4801,轻化工类,480109,乐器制造与维护,580110,乐器制造与维护,保留
48,轻工纺织大类,4801,轻化工类,480110,香料香精技术与工艺,580103,香料香精工艺,更名
48,轻工纺织大类,4801,轻化工类,480111,表面精饰工艺,580104,表面精饰工艺,保留
48,轻工纺织大类,4802,包装类,480201,包装工程技术,580201,包装工程技术,保留
48,轻工纺织大类,4802,包装类,480202,包装策划与设计,580202,包装策划与设计,保留
48,轻工纺织大类,4803,印刷类,480301,数字印刷技术,580305,数字印刷技术,保留
48,轻工纺织大类,4803,印刷类,480302,印刷媒体技术,580304,印刷媒体技术,保留
48,轻工纺织大类,4803,印刷类,480303,印刷数字图文技术,580301,数字图文信息技术,合并、更名
48,轻工纺织大类,4803,印刷类,480304,印刷设备应用技术,580302,印刷设备应用技术,保留
48,轻工纺织大类,4804,纺织服装类,480401,现代纺织技术,580401,现代纺织技术,保留
48,轻工纺织大类,4804,纺织服装类,480402,服装设计与工艺,580410,服装设计与工艺,保留
48,轻工纺织大类,4804,纺织服装类,480403,丝绸技术,580402,丝绸技术,保留
48,轻工纺织大类,4804,纺织服装类,480404,针织技术与针织服装,580409,针织技术与针织服装,保留
48,轻工纺织大类,4804,纺织服装类,480405,数字化染整技术,580403,染整技术,更名
48,轻工纺织大类,4804,纺织服装类,480406,纺织品设计,580406,纺织品设计,保留
48,轻工纺织大类,4804,纺织服装类,480407,现代家用纺织品设计,580407,家用纺织品设计,更名
48,轻工纺织大类,4804,纺织服装类,480408,纺织材料与应用,580408,纺织材料与应用,保留
48,轻工纺织大类,4804,纺织服装类,480409,现代非织造技术,,,新增
48,轻工纺织大类,4804,纺织服装类,480410,纺织机电技术,580404,纺织机电技术,保留
48,轻工纺织大类,4804,纺织服装类,480411,纺织品检验与贸易,580405,纺织品检验与贸易,保留
48,轻工纺织大类,4804,纺织服装类,480412,皮革服装制作与工艺,580411,皮革服装制作与工艺,保留
49,食品药品与粮食大类,4901,食品类,490101,食品智能加工技术,590101,食品加工技术,更名
49,食品药品与粮食大类,4901,食品类,490102,食品质量与安全,590103,食品质量与安全,保留
49,食品药品与粮食大类,4901,食品类,490103,食品营养与健康,590106,食品营养与卫生,更名
49,食品药品与粮食大类,4901,食品类,490104,食品检验检测技术,590105,食品检测技术,合并、更名
49,食品药品与粮食大类,4901,食品类,490105,酿酒技术,590102,酿酒技术,保留
49,食品药品与粮食大类,4901,食品类,490106,食品贮运与营销,590104,食品贮运与营销,保留
49,食品药品与粮食大类,4902,药品与医疗器械类,490201,药品生产技术,590202,药品生产技术,保留
49,食品药品与粮食大类,4902,药品与医疗器械类,490202,生物制药技术,590207,生物制药技术,保留
49,食品药品与粮食大类,4902,药品与医疗器械类,490203,药物制剂技术,590209,药物制剂技术,保留
49,食品药品与粮食大类,4902,药品与医疗器械类,490204,化学制药技术,590206,化学制药技术,保留
49,食品药品与粮食大类,4902,药品与医疗器械类,490205,兽药制药技术,590203,兽药制药技术,保留
49,食品药品与粮食大类,4902,药品与医疗器械类,490206,药品质量与安全,590204,药品质量与安全,保留
49,食品药品与粮食大类,4902,药品与医疗器械类,490207,制药设备应用技术,590205,制药设备应用技术,保留
49,食品药品与粮食大类,4902,药品与医疗器械类,490208,药品经营与管理,590301,药品经营与管理,合并
49,食品药品与粮食大类,4902,药品与医疗器械类,490209,食品药品监督管理,590305,食品药品监督管理,保留
49,食品药品与粮食大类,4902,药品与医疗器械类,490210,智能医疗装备技术,620805,医疗设备应用技术,归属调整、更名
49,食品药品与粮食大类,4902,药品与医疗器械类,490211,医用电子仪器技术,620806,精密医疗器械技术,归属调整、更名
49,食品药品与粮食大类,4902,药品与医疗器械类,490212,医用材料与应用,,,新增
49,食品药品与粮食大类,4902,药品与医疗器械类,490213,医疗器械维护与管理,620807,医疗器械维护与管理,归属调整
49,食品药品与粮食大类,4902,药品与医疗器械类,490214,医疗器械经营与服务,620812,医疗器械经营与管理,归属调整、更名
49,食品药品与粮食大类,4902,药品与医疗器械类,490215,康复工程技术,620808,康复工程技术,归属调整
49,食品药品与粮食大类,4902,药品与医疗器械类,490216,保健食品质量与管理,590303,保健品开发与管理,更名
49,食品药品与粮食大类,4902,药品与医疗器械类,490217,化妆品经营与管理,590304,化妆品经营与管理,保留
49,食品药品与粮食大类,4902,药品与医疗器械类,490218,化妆品质量与安全,,,新增
49,食品药品与粮食大类,4903,粮食类,490301,粮食工程技术与管理,590401,粮食工程技术,更名
49,食品药品与粮食大类,4903,粮食类,490302,粮食储运与质量安全,590501,粮油储藏与检测技术,更名
50,交通运输大类,5001,铁道运输类,500101,铁道工程技术,600104,铁道工程技术,保留
50,交通运输大类,5001,铁道运输类,500102,高速铁路施工与维护,600111,高速铁道工程技术,更名
50,交通运输大类,5001,铁道运输类,500103,铁道桥梁隧道工程技术,600110,铁路桥梁与隧道工程技术,更名
50,交通运输大类,5001,铁道运输类,500104,铁道养路机械应用技术,600105,铁道机械化维修技术,更名
50,交通运输大类,5001,铁道运输类,500105,铁道机车运用与维护,600101,铁道机车,更名
50,交通运输大类,5001,铁道运输类,500106,铁道车辆技术,600102,铁道车辆,更名
50,交通运输大类,5001,铁道运输类,500107,铁道供电技术,600103,铁道供电技术,保留
50,交通运输大类,5001,铁道运输类,500108,动车组检修技术,600113,动车组检修技术,保留
50,交通运输大类,5001,铁道运输类,500109,高速铁路综合维修技术,600114,高铁综合维修技术,更名
50,交通运输大类,5001,铁道运输类,500110,铁道信号自动控制,600106,铁道信号自动控制,保留
50,交通运输大类,5001,铁道运输类,500111,铁道通信与信息化技术,600107,铁道通信与信息化技术,保留
50,交通运输大类,5001,铁道运输类,500112,铁道交通运营管理,600108,铁道交通运营管理,保留
50,交通运输大类,5001,铁道运输类,500113,高速铁路客运服务,600112,高速铁路客运乘务,更名
50,交通运输大类,5002,道路运输类,500201,道路与桥梁工程技术,600202,道路桥梁工程技术,更名
50,交通运输大类,5002,道路运输类,500202,道路机械化施工技术,600205,公路机械化施工技术,更名
50,交通运输大类,5002,道路运输类,500203,智能工程机械运用技术,600206,工程机械运用技术,更名
50,交通运输大类,5002,道路运输类,500204,道路工程检测技术,,,新增
50,交通运输大类,5002,道路运输类,500205,道路工程造价,,,新增
50,交通运输大类,5002,道路运输类,500206,道路养护与管理,600204,道路养护与管理,保留
50,交通运输大类,5002,道路运输类,500207,智能交通技术,600201,智能交通技术运用,更名
50,交通运输大类,5002,道路运输类,500208,道路运输管理,600203,道路运输与路政管理,更名
50,交通运输大类,5002,道路运输类,500209,交通运营管理,600207,交通运营管理,合并
50,交通运输大类,5002,道路运输类,500210,汽车技术服务与营销,630702,汽车营销与服务,归属调整、更名
50,交通运输大类,5002,道路运输类,500211,汽车检测与维修技术,600209,汽车运用与维修技术,合并、更名
50,交通运输大类,5002,道路运输类,500212,新能源汽车检测与维修技术,600212,新能源汽车运用与维修,更名
50,交通运输大类,5003,水上运输类,500301,航海技术,600301,航海技术,保留
50,交通运输大类,5003,水上运输类,500302,港口与航道工程技术,600307,港口与航道工程技术,保留
50,交通运输大类,5003,水上运输类,500303,轮机工程技术,600310,轮机工程技术,保留
50,交通运输大类,5003,水上运输类,500304,国际邮轮乘务管理,600302,国际邮轮乘务管理,保留
50,交通运输大类,5003,水上运输类,500305,水路运输安全管理,600312,水路运输与海事管理,更名
50,交通运输大类,5003,水上运输类,500306,港口机械与智能控制,600305,港口机械与自动控制,合并、更名
50,交通运输大类,5003,水上运输类,500307,港口与航运管理,600308,港口与航运管理,保留
50,交通运输大类,5003,水上运输类,500308,船舶电子电气技术,600303,船舶电子电气技术,保留
50,交通运输大类,5003,水上运输类,500309,船舶检验,600304,船舶检验,保留
50,交通运输大类,5003,水上运输类,500310,集装箱运输管理,600313,集装箱运输管理,保留
50,交通运输大类,5004,航空运输类,500401,民航运输服务,600401,民航运输,更名
50,交通运输大类,5004,航空运输类,500402,民航通信技术,600402,民航通信技术,保留
50,交通运输大类,5004,航空运输类,500403,定翼机驾驶技术,600403,定翼机驾驶技术,保留
50,交通运输大类,5004,航空运输类,500404,直升机驾驶技术,600404,直升机驾驶技术,保留
50,交通运输大类,5004,航空运输类,500405,空中乘务,600405,空中乘务,保留
50,交通运输大类,5004,航空运输类,500406,民航安全技术管理,600406,民航安全技术管理,保留
50,交通运输大类,5004,航空运输类,500407,民航空中安全保卫,600407,民航空中安全保卫,保留
50,交通运输大类,5004,航空运输类,500408,机场运行服务与管理,600408,机场运行,更名
50,交通运输大类,5004,航空运输类,500409,飞机机电设备维修,600409,飞机机电设备维修,保留
50,交通运输大类,5004,航空运输类,500410,飞机电子设备维修,600410,飞机电子设备维修,保留
50,交通运输大类,5004,航空运输类,500411,飞机部件修理,600411,飞机部件修理,保留
50,交通运输大类,5004,航空运输类,500412,通用航空器维修,600416,通用航空器维修,保留
50,交通运输大类,5004,航空运输类,500413,飞机结构修理,600418,飞机结构修理,保留
50,交通运输大类,5004,航空运输类,500414,航空地面设备维修,600412,航空地面设备维修,保留
50,交通运输大类,5004,航空运输类,500415,机场场务技术与管理,600413,机场场务技术与管理,保留
50,交通运输大类,5004,航空运输类,500416,通用航空航务技术,600417,通用航空航务技术,保留
50,交通运输大类,5004,航空运输类,500417,航空油料,600414,航空油料,保留
50,交通运输大类,5005,管道运输类,500501,管道工程技术,600501,管道工程技术,保留
50,交通运输大类,5005,管道运输类,500502,管道运输管理,600502,管道运输管理,保留
50,交通运输大类,5006,城市轨道交通类,500601,城市轨道交通工程技术,600605,城市轨道交通工程技术,保留
50,交通运输大类,5006,城市轨道交通类,500602,城市轨道车辆应用技术,600601,城市轨道交通车辆技术,更名
50,交通运输大类,5006,城市轨道交通类,500603,城市轨道交通机电技术,600602,城市轨道交通机电技术,保留
50,交通运输大类,5006,城市轨道交通类,500604,城市轨道交通通信信号技术,600603,城市轨道交通通信信号技术,保留
50,交通运输大类,5006,城市轨道交通类,500605,城市轨道交通供配电技术,600604,城市轨道交通供配电技术,保留
50,交通运输大类,5006,城市轨道交通类,500606,城市轨道交通运营管理,600606,城市轨道交通运营管理,保留
50,交通运输大类,5007,邮政类,500701,邮政快递运营管理,600702,快递运营管理,更名
50,交通运输大类,5007,邮政类,500702,邮政快递智能技术,,,新增
50,交通运输大类,5007,邮政类,500703,邮政通信管理,600701,邮政通信管理,保留
51,电子与信息大类,5101,电子信息类,510101,电子信息工程技术,610101,电子信息工程技术,保留
51,电子与信息大类,5101,电子信息类,510102,物联网应用技术,610119,物联网应用技术,保留
51,电子与信息大类,5101,电子信息类,510103,应用电子技术,610102,应用电子技术,合并
51,电子与信息大类,5101,电子信息类,510104,电子产品制造技术,610111,电子制造技术与设备,合并、更名
51,电子与信息大类,5101,电子信息类,510105,电子产品检测技术,610108,电子产品质量检测,合并、更名
51,电子与信息大类,5101,电子信息类,510106,移动互联应用技术,610115,移动互联应用技术,保留
51,电子与信息大类,5101,电子信息类,510107,汽车智能技术,610107,汽车智能技术,保留
51,电子与信息大类,5101,电子信息类,510108,智能产品开发与应用,610104,智能产品开发,合并、更名
51,电子与信息大类,5101,电子信息类,510109,智能光电技术应用,610116,光电技术应用,更名
51,电子与信息大类,5101,电子信息类,510110,光电显示技术,610118,光电显示技术,保留
51,电子与信息大类,5102,计算机类,510201,计算机应用技术,610201,计算机应用技术,保留
51,电子与信息大类,5102,计算机类,510202,计算机网络技术,610202,计算机网络技术,保留
51,电子与信息大类,5102,计算机类,510203,软件技术,610205,软件技术,合并
51,电子与信息大类,5102,计算机类,510204,数字媒体技术,610209,数字展示技术,合并、更名
51,电子与信息大类,5102,计算机类,510205,大数据技术,610203,计算机信息管理,合并、更名
51,电子与信息大类,5102,计算机类,510206,云计算技术应用,610213,云计算技术与应用,更名
51,电子与信息大类,5102,计算机类,510207,信息安全技术应用,610211,信息安全与管理,更名
51,电子与信息大类,5102,计算机类,510208,虚拟现实技术应用,610216,虚拟现实应用技术,更名
51,电子与信息大类,5102,计算机类,510209,人工智能技术应用,610217,人工智能技术服务,更名
51,电子与信息大类,5102,计算机类,510210,嵌入式技术应用,610208,嵌入式技术与应用,更名
51,电子与信息大类,5102,计算机类,510211,工业互联网技术,560305,工业网络技术,归属调整、更名
51,电子与信息大类,5102,计算机类,510212,区块链技术应用,,,新增
51,电子与信息大类,5102,计算机类,510213,移动应用开发,610212,移动应用开发,保留
51,电子与信息大类,5102,计算机类,510214,工业软件开发技术,,,新增
51,电子与信息大类,5102,计算机类,510215,动漫制作技术,610207,动漫制作技术,保留
51,电子与信息大类,5102,计算机类,510216,密码技术应用,,,新增
51,电子与信息大类,5103,通信类,510301,现代通信技术,610301,通信技术,合并、更名
51,电子与信息大类,5103,通信类,510302,现代移动通信技术,610302,移动通信技术,更名
51,电子与信息大类,5103,通信类,510303,通信软件技术,,,新增
51,电子与信息大类,5103,通信类,510304,卫星通信与导航技术,,,新增
51,电子与信息大类,5103,通信类,510305,通信工程设计与监理,610304,通信工程设计与监理,保留
51,电子与信息大类,5103,通信类,510306,通信系统运行管理,610303,通信系统运行管理,保留
51,电子与信息大类,5103,通信类,510307,智能互联网络技术,610307,物联网工程技术,更名
51,电子与信息大类,5103,通信类,510308,网络规划与优化技术,,,新增
51,电子与信息大类,5103,通信类,510309,电信服务与管理,610305,电信服务与管理,保留
51,电子与信息大类,5104,集成电路类,510401,集成电路技术,610120,集成电路技术应用,归属调整、更名
51,电子与信息大类,5104,集成电路类,510402,微电子技术,610103,微电子技术,归属调整
52,医药卫生大类,5202,护理类,520201,护理,620201,护理,保留
52,医药卫生大类,5202,护理类,520202,助产,620202,助产,保留
52,医药卫生大类,5203,药学类,520301,药学,620301,药学,保留
52,医药卫生大类,5204,中医药类,520410,中药学,620302,中药学,归属调整
52,医药卫生大类,5204,中医药类,520411,蒙药学,620303,蒙药学,归属调整
52,医药卫生大类,5204,中医药类,520412,维药学,620304,维药学,归属调整
52,医药卫生大类,5204,中医药类,520413,藏药学,620305,藏药学,归属调整
52,医药卫生大类,5204,中医药类,520414,中药材生产与加工,590201,中药生产与加工,归属调整、更名
52,医药卫生大类,5204,中医药类,520415,中药制药,590208,中药制药技术,归属调整、更名
52,医药卫生大类,5204,中医药类,520416,中医康复技术,620503,中医康复技术,归属调整
52,医药卫生大类,5204,中医药类,520417,中医养生保健,620803,中医养生保健,归属调整
52,医药卫生大类,5204,中医药类,520418,药膳与食疗,,,新增
52,医药卫生大类,5205,医学技术类,520501,医学检验技术,620401,医学检验技术,保留
52,医药卫生大类,5205,医学技术类,520502,医学影像技术,620403,医学影像技术,保留
52,医药卫生大类,5205,医学技术类,520503,医学生物技术,620402,医学生物技术,保留
52,医药卫生大类,5205,医学技术类,520504,口腔医学技术,620405,口腔医学技术,保留
52,医药卫生大类,5205,医学技术类,520505,放射治疗技术,620408,放射治疗技术,保留
52,医药卫生大类,5205,医学技术类,520506,呼吸治疗技术,620409,呼吸治疗技术,保留
52,医药卫生大类,5205,医学技术类,520507,医学美容技术,620404,医学美容技术,保留
52,医药卫生大类,5205,医学技术类,520508,卫生检验与检疫技术,620406,卫生检验与检疫技术,保留
52,医药卫生大类,5206,康复治疗类,520601,康复治疗技术,620501,康复治疗技术,保留
52,医药卫生大类,5206,康复治疗类,520602,康复辅助器具技术,620809,康复辅助器具技术,归属调整、合并
52,医药卫生大类,5206,康复治疗类,520603,言语听觉康复技术,620502,言语听觉康复技术,保留
52,医药卫生大类,5207,公共卫生与卫生管理类,520701,公共卫生管理,620602,公共卫生管理,合并
52,医药卫生大类,5207,公共卫生与卫生管理类,520702,卫生信息管理,620604,卫生信息管理,保留
52,医药卫生大类,5207,公共卫生与卫生管理类,520704,健康大数据管理与服务,,,新增
52,医药卫生大类,5208,健康管理与促进类,520801,健康管理,620801,健康管理,保留
52,医药卫生大类,5208,健康管理与促进类,520802,婴幼儿托育服务与管理,690306,幼儿发展与健康管理,归属调整、更名
52,医药卫生大类,5208,健康管理与促进类,520803,老年保健与管理,620811,老年保健与管理,保留
52,医药卫生大类,5208,健康管理与促进类,520804,心理咨询,620804,心理咨询,保留
52,医药卫生大类,5208,健康管理与促进类,520805,医学营养,620802,医学营养,保留
52,医药卫生大类,5208,健康管理与促进类,520806,生殖健康管理,620702,生殖健康服务与管理,归属调整、更名
52,医药卫生大类,5209,眼视光类,520901,眼视光技术,620407,眼视光技术,归属调整
52,医药卫生大类,5209,眼视光类,520902,眼视光仪器技术,,,新增
52,医药卫生大类,5209,眼视光类,520903,视觉训练与康复,,,新增
53,财经商贸大类,5301,财政税务类,530101,财税大数据应用,630101,财政,合并、更名
53,财经商贸大类,5301,财政税务类,530102,资产评估与管理,630103,资产评估与管理,保留
53,财经商贸大类,5301,财政税务类,530103,政府采购管理,630104,政府采购管理,保留
53,财经商贸大类,5302,金融类,530201,金融服务与管理,630201,金融管理,归属调整、合并、更名
53,财经商贸大类,5302,金融类,530202,金融科技应用,630209,互联网金融,更名
53,财经商贸大类,5302,金融类,530203,保险实务,630205,保险,更名
53,财经商贸大类,5302,金融类,530204,信用管理,630207,信用管理,保留
53,财经商贸大类,5302,金融类,530205,财富管理,630206,投资与理财,更名
53,财经商贸大类,5302,金融类,530206,证券实务,630203,证券与期货,更名
53,财经商贸大类,5302,金融类,530207,国际金融,630202,国际金融,保留
53,财经商贸大类,5302,金融类,530208,农村金融,630208,农村金融,保留
53,财经商贸大类,5303,财务会计类,530301,大数据与财务管理,630301,财务管理,更名
53,财经商贸大类,5303,财务会计类,530302,大数据与会计,630302,会计,更名
53,财经商贸大类,5303,财务会计类,530303,大数据与审计,630303,审计,更名
53,财经商贸大类,5303,财务会计类,530304,会计信息管理,630304,会计信息管理,保留
53,财经商贸大类,5304,统计类,530401,统计与大数据分析,630401,信息统计与分析,更名
53,财经商贸大类,5304,统计类,530402,统计与会计核算,630402,统计与会计核算,保留
53,财经商贸大类,5304,统计类,530403,市场调查与统计分析,,,新增
53,财经商贸大类,5305,经济贸易类,530501,国际经济与贸易,630501,国际贸易实务,合并
53,财经商贸大类,5305,经济贸易类,530502,国际商务,630503,国际商务,保留
53,财经商贸大类,5305,经济贸易类,530503,关务与外贸服务,630506,报关与国际货运,更名
53,财经商贸大类,5305,经济贸易类,530504,服务外包,630504,服务外包,保留
53,财经商贸大类,5305,经济贸易类,530505,国际文化贸易,630508,国际文化贸易,保留
53,财经商贸大类,5306,工商管理类,530601,工商企业管理,630601,工商企业管理,保留
53,财经商贸大类,5306,工商管理类,530602,连锁经营与管理,630604,连锁经营管理,更名
53,财经商贸大类,5306,工商管理类,530603,商务管理,630602,商务管理,保留
53,财经商贸大类,5306,工商管理类,530604,中小企业创业与经营,630607,中小企业创业与经营,保留
53,财经商贸大类,5306,工商管理类,530605,市场营销,630701,市场营销,归属调整
53,财经商贸大类,5307,电子商务类,530701,电子商务,630801,电子商务,保留
53,财经商贸大类,5307,电子商务类,530702,跨境电子商务,630805,跨境电子商务,保留
53,财经商贸大类,5307,电子商务类,530703,移动商务,630802,移动商务,保留
53,财经商贸大类,5307,电子商务类,530704,网络营销与直播电商,630803,网络营销,更名
53,财经商贸大类,5307,电子商务类,530705,农村电子商务,,,新增
53,财经商贸大类,5307,电子商务类,530706,商务数据分析与应用,630804,商务数据分析与应用,保留
53,财经商贸大类,5308,物流类,530801,物流工程技术,630901,物流工程技术,保留
53,财经商贸大类,5308,物流类,530802,现代物流管理,630903,物流管理,更名
53,财经商贸大类,5308,物流类,530803,航空物流管理,600415,航空物流,归属调整、更名
53,财经商贸大类,5308,物流类,530804,铁路物流管理,600109,铁路物流管理,归属调整
53,财经商贸大类,5308,物流类,530805,冷链物流技术与管理,630906,冷链物流技术与管理,保留
53,财经商贸大类,5308,物流类,530806,港口物流管理,600309,港口物流管理,归属调整
53,财经商贸大类,5308,物流类,530807,工程物流管理,630905,工程物流管理,保留
53,财经商贸大类,5308,物流类,530808,采购与供应管理,630907,采购与供应管理,保留
53,财经商贸大类,5308,物流类,530809,智能物流技术,630902,物流信息技术,更名
53,财经商贸大类,5308,物流类,530810,供应链运营,,,新增
54,旅游大类,5401,旅游类,540101,旅游管理,640101,旅游管理,保留
54,旅游大类,5401,旅游类,540102,导游,640102,导游,保留
54,旅游大类,5401,旅游类,540103,旅行社经营与管理,640103,旅行社经营管理,更名
54,旅游大类,5401,旅游类,540104,定制旅行管理与服务,,,新增
54,旅游大类,5401,旅游类,540105,研学旅行管理与服务,640107,研学旅行管理与服务,保留
54,旅游大类,5401,旅游类,540106,酒店管理与数字化运营,640105,酒店管理,更名
54,旅游大类,5401,旅游类,540107,民宿管理与运营,,,新增
54,旅游大类,5401,旅游类,540108,葡萄酒文化与营销,640108,葡萄酒营销与服务,更名
54,旅游大类,5401,旅游类,540109,茶艺与茶文化,630704,茶艺与茶叶营销,归属调整、更名
54,旅游大类,5401,旅游类,540110,智慧景区开发与管理,640104,景区开发与管理,更名
54,旅游大类,5401,旅游类,540111,智慧旅游技术应用,,,新增
54,旅游大类,5401,旅游类,540112,会展策划与管理,640301,会展策划与管理,归属调整
54,旅游大类,5401,旅游类,540113,休闲服务与管理,640106,休闲服务与管理,保留
54,旅游大类,5402,餐饮类,540201,餐饮智能管理,640201,餐饮管理,更名
54,旅游大类,5402,餐饮类,540202,烹饪工艺与营养,640202,烹调工艺与营养,更名
54,旅游大类,5402,餐饮类,540203,中西面点工艺,640204,中西面点工艺,保留
54,旅游大类,5402,餐饮类,540204,西式烹饪工艺,640205,西餐工艺,更名
54,旅游大类,5402,餐饮类,540205,营养配餐,640203,营养配餐,保留
55,文化艺术大类,5501,艺术设计类,550101,艺术设计,650101,艺术设计,保留
55,文化艺术大类,5501,艺术设计类,550102,视觉传达设计,650102,视觉传播设计与制作,更名
55,文化艺术大类,5501,艺术设计类,550103,数字媒体艺术设计,650104,数字媒体艺术设计,保留
55,文化艺术大类,5501,艺术设计类,550104,产品艺术设计,650105,产品艺术设计,保留
55,文化艺术大类,5501,艺术设计类,550105,服装与服饰设计,650108,服装与服饰设计,保留
55,文化艺术大类,5501,艺术设计类,550106,环境艺术设计,650111,环境艺术设计,保留
55,文化艺术大类,5501,艺术设计类,550107,书画艺术,650125,美术,更名
55,文化艺术大类,5501,艺术设计类,550108,公共艺术设计,650112,公共艺术设计,保留
55,文化艺术大类,5501,艺术设计类,550109,游戏艺术设计,650121,游戏设计,更名
55,文化艺术大类,5501,艺术设计类,550110,展示艺术设计,650110,展示艺术设计,保留
55,文化艺术大类,5501,艺术设计类,550111,美容美体艺术,650123,美容美体艺术,保留
55,文化艺术大类,5501,艺术设计类,550112,工艺美术品设计,650119,工艺美术品设计,保留
55,文化艺术大类,5501,艺术设计类,550113,广告艺术设计,650103,广告设计与制作,更名
55,文化艺术大类,5501,艺术设计类,550114,室内艺术设计,650109,室内艺术设计,保留
55,文化艺术大类,5501,艺术设计类,550115,家具艺术设计,650106,家具艺术设计,保留
55,文化艺术大类,5501,艺术设计类,550116,动漫设计,650120,动漫设计,保留
55,文化艺术大类,5501,艺术设计类,550117,人物形象设计,650122,人物形象设计,保留
55,文化艺术大类,5501,艺术设计类,550118,摄影与摄像艺术,650124,摄影与摄像艺术,保留
55,文化艺术大类,5501,艺术设计类,550119,雕刻艺术设计,650113,雕刻艺术设计,保留
55,文化艺术大类,5501,艺术设计类,550120,皮具艺术设计,650107,皮具艺术设计,保留
55,文化艺术大类,5501,艺术设计类,550121,包装艺术设计,650114,包装艺术设计,保留
55,文化艺术大类,5501,艺术设计类,550122,陶瓷设计与工艺,650115,陶瓷设计与工艺,保留
55,文化艺术大类,5501,艺术设计类,550123,首饰设计与工艺,650118,首饰设计与工艺,保留
55,文化艺术大类,5501,艺术设计类,550124,玉器设计与工艺,650117,玉器设计与工艺,保留
55,文化艺术大类,5501,艺术设计类,550125,刺绣设计与工艺,650116,刺绣设计与工艺,保留
55,文化艺术大类,5501,艺术设计类,550126,雕塑设计,,,新增
55,文化艺术大类,5501,艺术设计类,550127,服装陈列与展示设计,580412,服装陈列与展示设计,归属调整
55,文化艺术大类,5502,表演艺术类,550201,音乐表演,650219,音乐表演,保留
55,文化艺术大类,5502,表演艺术类,550202,舞蹈表演,650207,舞蹈表演,保留
55,文化艺术大类,5502,表演艺术类,550203,戏曲表演,650204,戏曲表演,保留
55,文化艺术大类,5502,表演艺术类,550204,表演艺术,650201,表演艺术,保留
55,文化艺术大类,5502,表演艺术类,550205,戏剧影视表演,650202,戏剧影视表演,保留
55,文化艺术大类,5502,表演艺术类,550206,歌舞表演,650203,歌舞表演,保留
55,文化艺术大类,5502,表演艺术类,550207,曲艺表演,650205,曲艺表演,保留
55,文化艺术大类,5502,表演艺术类,550208,音乐剧表演,650206,音乐剧表演,保留
55,文化艺术大类,5502,表演艺术类,550209,国际标准舞,650208,国际标准舞,保留
55,文化艺术大类,5502,表演艺术类,550210,现代流行音乐,650211,现代流行音乐,保留
55,文化艺术大类,5502,表演艺术类,550211,戏曲音乐,,,新增
55,文化艺术大类,5502,表演艺术类,550212,音乐制作,650213,音乐制作,保留
55,文化艺术大类,5502,表演艺术类,550213,钢琴伴奏,650214,钢琴伴奏,保留
55,文化艺术大类,5502,表演艺术类,550214,钢琴调律,650215,钢琴调律,保留
55,文化艺术大类,5502,表演艺术类,550215,舞蹈编导,650216,舞蹈编导,保留
55,文化艺术大类,5502,表演艺术类,550216,音乐传播,650220,音乐传播,保留
55,文化艺术大类,5502,表演艺术类,550217,时尚表演与传播,650209,服装表演,合并、更名
55,文化艺术大类,5502,表演艺术类,550218,舞台艺术设计与制作,650218,舞台艺术设计与制作,归属调整、合并
55,文化艺术大类,5502,表演艺术类,550219,作曲技术,650212,作曲技术,保留
55,文化艺术大类,5502,表演艺术类,550220,现代魔术设计与表演,,,新增
55,文化艺术大类,5503,民族文化艺术类,550301,民族表演艺术,650301,民族表演艺术,保留
55,文化艺术大类,5503,民族文化艺术类,550302,民族美术,650302,民族美术,保留
55,文化艺术大类,5503,民族文化艺术类,550303,民族服装与饰品,650303,民族服装与服饰,更名
55,文化艺术大类,5503,民族文化艺术类,550304,民族传统技艺,650305,民族传统技艺,保留
55,文化艺术大类,5503,民族文化艺术类,550305,中国少数民族语言文化,650307,中国少数民族语言文化,保留
55,文化艺术大类,5504,文化服务类,550401,文化创意与策划,650401,文化创意与策划,保留
55,文化艺术大类,5504,文化服务类,550402,文化产业经营与管理,650402,文化市场经营管理,更名
55,文化艺术大类,5504,文化服务类,550403,公共文化服务与管理,650403,公共文化服务与管理,保留
55,文化艺术大类,5504,文化服务类,550404,文物修复与保护,650306,少数民族古籍修复,归属调整、合并
55,文化艺术大类,5504,文化服务类,550405,文物考古技术,650405,考古探掘技术,更名
55,文化艺术大类,5504,文化服务类,550406,文物展示利用技术,650406,文物博物馆服务与管理,更名
55,文化艺术大类,5504,文化服务类,550407,图书档案管理,650407,图书档案管理,保留
55,文化艺术大类,5504,文化服务类,550408,石窟寺保护技术,,,新增
56,新闻传播大类,5601,新闻出版类,560101,数字图文信息处理技术,660101,图文信息处理,更名
56,新闻传播大类,5601,新闻出版类,560102,网络新闻与传播,660102,网络新闻与传播,保留
56,新闻传播大类,5601,新闻出版类,560103,出版策划与编辑,660103,版面编辑与校对,合并、更名
56,新闻传播大类,5601,新闻出版类,560104,出版商务,660104,出版商务,保留
56,新闻传播大类,5601,新闻出版类,560105,数字出版,660107,数字出版,保留
56,新闻传播大类,5601,新闻出版类,560106,数字媒体设备应用与管理,660108,数字媒体设备管理,更名
56,新闻传播大类,5602,广播影视类,560201,播音与主持,660202,播音与主持,保留
56,新闻传播大类,5602,广播影视类,560202,广播影视节目制作,660203,广播影视节目制作,保留
56,新闻传播大类,5602,广播影视类,560203,数字广播电视技术,660204,广播电视技术,更名
56,新闻传播大类,5602,广播影视类,560204,影视编导,660206,影视编导,保留
56,新闻传播大类,5602,广播影视类,560205,新闻采编与制作,660201,新闻采编与制作,保留
56,新闻传播大类,5602,广播影视类,560206,影视动画,660209,影视动画,保留
56,新闻传播大类,5602,广播影视类,560207,影视制片管理,660205,影视制片管理,保留
56,新闻传播大类,5602,广播影视类,560208,影视多媒体技术,660208,影视多媒体技术,保留
56,新闻传播大类,5602,广播影视类,560209,影视照明技术与艺术,660210,影视照明技术与艺术,保留
56,新闻传播大类,5602,广播影视类,560210,音像技术,660211,音像技术,保留
56,新闻传播大类,5602,广播影视类,560211,录音技术与艺术,660212,录音技术与艺术,保留
56,新闻传播大类,5602,广播影视类,560212,摄影摄像技术,660213,摄影摄像技术,保留
56,新闻传播大类,5602,广播影视类,560213,融媒体技术与运营,,,新增
56,新闻传播大类,5602,广播影视类,560214,网络直播与运营,,,新增
56,新闻传播大类,5602,广播影视类,560215,传播与策划,660214,传播与策划,保留
56,新闻传播大类,5602,广播影视类,560216,全媒体广告策划与营销,630703,广告策划与营销,归属调整、合并、更名
57,教育与体育大类,5702,语言类,570201,商务英语,670202,商务英语,保留
57,教育与体育大类,5702,语言类,570202,应用英语,670203,应用英语,保留
57,教育与体育大类,5702,语言类,570203,旅游英语,670204,旅游英语,保留
57,教育与体育大类,5702,语言类,570204,应用韩语,670208,应用韩语,保留
57,教育与体育大类,5702,语言类,570205,商务日语,670205,商务日语,保留
57,教育与体育大类,5702,语言类,570206,应用日语,670206,应用日语,保留
57,教育与体育大类,5702,语言类,570207,旅游日语,670207,旅游日语,保留
57,教育与体育大类,5702,语言类,570208,应用外语,670216,应用外语,保留
57,教育与体育大类,5702,语言类,570209,中文,670201,汉语,更名
57,教育与体育大类,5702,语言类,570210,应用俄语,670209,应用俄语,保留
57,教育与体育大类,5702,语言类,570211,应用法语,670210,应用法语,保留
57,教育与体育大类,5702,语言类,570212,应用西班牙语,670212,应用西班牙语,保留
57,教育与体育大类,5702,语言类,570213,应用德语,670211,应用德语,保留
57,教育与体育大类,5702,语言类,570214,应用泰语,670214,应用泰语,保留
57,教育与体育大类,5702,语言类,570215,应用越南语,670213,应用越南语,保留
57,教育与体育大类,5702,语言类,570216,应用阿拉伯语,670215,应用阿拉伯语,保留
57,教育与体育大类,5703,体育类,570301,社会体育,670403,社会体育,保留
57,教育与体育大类,5703,体育类,570302,休闲体育,670404,休闲体育,保留
57,教育与体育大类,5703,体育类,570303,运动训练,670401,运动训练,保留
57,教育与体育大类,5703,体育类,570304,民族传统体育,670406,民族传统体育,保留
57,教育与体育大类,5703,体育类,570305,运动防护,670402,运动防护,保留
57,教育与体育大类,5703,体育类,570306,体育保健与康复,670409,体育保健与康复,保留
57,教育与体育大类,5703,体育类,570307,健身指导与管理,670410,健身指导与管理,保留
57,教育与体育大类,5703,体育类,570308,运动健康指导,,,新增
57,教育与体育大类,5703,体育类,570309,运动数据分析,,,新增
57,教育与体育大类,5703,体育类,570310,体能训练,,,新增
57,教育与体育大类,5703,体育类,570311,体育运营与管理,670408,体育运营与管理,保留
57,教育与体育大类,5703,体育类,570312,电子竞技运动与管理,670411,电子竞技运动与管理,保留
57,教育与体育大类,5703,体育类,570313,高尔夫球运动与管理,670405,高尔夫球运动与管理,保留
57,教育与体育大类,5703,体育类,570314,冰雪运动与管理,,,新增
57,教育与体育大类,5703,体育类,570315,冰雪设施运维与管理,670412,冰雪设施运维与管理,保留
57,教育与体育大类,5703,体育类,570316,体育艺术表演,670407,体育艺术表演,保留
58,公安与司法大类,5804,法律实务类,580401,法律事务,680501,司法助理,合并
58,公安与司法大类,5804,法律实务类,580402,法律文秘,680502,法律文秘,保留
58,公安与司法大类,5804,法律实务类,580403,检察事务,680504,检察事务,保留
58,公安与司法大类,5805,法律执行类,580502,民事执行,680602,民事执行,保留
58,公安与司法大类,5805,法律执行类,580505,社区矫正,680605,社区矫正,保留
58,公安与司法大类,5806,司法技术类,580603,司法鉴定技术,680704,司法鉴定技术,保留
58,公安与司法大类,5807,安全防范类,580701,安全防范技术,680702,安全防范技术,归属调整
58,公安与司法大类,5807,安全防范类,580702,安全保卫管理,,,新增
58,公安与司法大类,5807,安全防范类,580703,智能安防运营管理,,,新增
59,公共管理与服务大类,5901,公共事业类,590101,社会工作,690101,社会工作,保留
59,公共管理与服务大类,5901,公共事业类,590102,党务工作,,,新增
59,公共管理与服务大类,5901,公共事业类,590103,青少年工作与管理,690103,青少年工作与管理,保留
59,公共管理与服务大类,5901,公共事业类,590104,社区管理与服务,690104,社区管理与服务,保留
59,公共管理与服务大类,5901,公共事业类,590105,公共关系,690105,公共关系,保留
59,公共管理与服务大类,5901,公共事业类,590106,公益慈善事业管理,690209,公益慈善事业管理,归属调整
59,公共管理与服务大类,5902,公共管理类,590201,民政服务与管理,690201,民政管理,更名
59,公共管理与服务大类,5902,公共管理类,590202,人力资源管理,690202,人力资源管理,保留
59,公共管理与服务大类,5902,公共管理类,590203,劳动与社会保障,690203,劳动与社会保障,保留
59,公共管理与服务大类,5902,公共管理类,590204,网络舆情监测,690204,网络舆情监测,保留
59,公共管理与服务大类,5902,公共管理类,590205,公共事务管理,690205,公共事务管理,保留
59,公共管理与服务大类,5902,公共管理类,590206,行政管理,690206,行政管理,保留
59,公共管理与服务大类,5902,公共管理类,590207,质量管理与认证,690207,质量管理与认证,保留
59,公共管理与服务大类,5902,公共管理类,590208,知识产权管理,690208,知识产权管理,保留
59,公共管理与服务大类,5902,公共管理类,590209,职业指导与服务,,,新增
59,公共管理与服务大类,5902,公共管理类,590210,标准化技术,,,新增
59,公共管理与服务大类,5903,公共服务类,590301,现代家政服务与管理,690302,家政服务与管理,更名
59,公共管理与服务大类,5903,公共服务类,590302,智慧健康养老服务与管理,690301,老年服务与管理,更名
59,公共管理与服务大类,5903,公共服务类,590303,社区康复,690304,社区康复,保留
59,公共管理与服务大类,5903,公共服务类,590304,婚庆服务与管理,690303,婚庆服务与管理,保留
59,公共管理与服务大类,5903,公共服务类,590305,现代殡葬技术与管理,690305,现代殡葬技术与管理,保留
59,公共管理与服务大类,5903,公共服务类,590306,殡葬设备维护技术,,,新增
59,公共管理与服务大类,5903,公共服务类,590307,陵园服务与管理,690307,陵园服务与管理,保留
59,公共管理与服务大类,5904,文秘类,590401,现代文秘,670301,文秘,归属调整、合并、更名
52,医药卫生大类,5201,临床医学类,520101K,临床医学,620101K,临床医学,保留
52,医药卫生大类,5201,临床医学类,520102K,口腔医学,620102K,口腔医学,保留
52,医药卫生大类,5204,中医药类,520401K,中医学,620103K,中医学,归属调整
52,医药卫生大类,5204,中医药类,520402K,中医骨伤,620104K,中医骨伤,归属调整
52,医药卫生大类,5204,中医药类,520403K,针灸推拿,620105K,针灸推拿,归属调整
52,医药卫生大类,5204,中医药类,520404K,蒙医学,620106K,蒙医学,归属调整
52,医药卫生大类,5204,中医药类,520405K,藏医学,620107K,藏医学,归属调整
52,医药卫生大类,5204,中医药类,520406K,维医学,620108K,维医学,归属调整
52,医药卫生大类,5204,中医药类,520407K,傣医学,620109K,傣医学,归属调整
52,医药卫生大类,5204,中医药类,520408K,哈医学,620110K,哈医学,归属调整
52,医药卫生大类,5204,中医药类,520409K,朝医学,620111K,朝医学,归属调整
52,医药卫生大类,5207,公共卫生与卫生管理类,520703K,预防医学,620601K,预防医学,保留
57,教育与体育大类,5701,教育类,570101K,早期教育,670101K,早期教育,保留
57,教育与体育大类,5701,教育类,570102K,学前教育,670102K,学前教育,保留
57,教育与体育大类,5701,教育类,570103K,小学教育,670103K,小学教育,保留
57,教育与体育大类,5701,教育类,570104K,小学语文教育,670104K,语文教育,更名
57,教育与体育大类,5701,教育类,570105K,小学数学教育,670105K,数学教育,更名
57,教育与体育大类,5701,教育类,570106K,小学英语教育,670106K,英语教育,更名
57,教育与体育大类,5701,教育类,570107K,小学科学教育,670107K,物理教育,合并、更名
57,教育与体育大类,5701,教育类,570108K,音乐教育,670112K,音乐教育,保留
57,教育与体育大类,5701,教育类,570109K,美术教育,670113K,美术教育,保留
57,教育与体育大类,5701,教育类,570110K,体育教育,670114K,体育教育,保留
57,教育与体育大类,5701,教育类,570111K,小学道德与法治教育,670115K,思想政治教育,更名
57,教育与体育大类,5701,教育类,570112K,舞蹈教育,670116K,舞蹈教育,保留
57,教育与体育大类,5701,教育类,570113K,艺术教育,670117K,艺术教育,保留
57,教育与体育大类,5701,教育类,570114K,特殊教育,670118K,特殊教育,保留
57,教育与体育大类,5701,教育类,570115K,现代教育技术,670120K,现代教育技术,保留
57,教育与体育大类,5701,教育类,570116K,心理健康教育,670121K,心理健康教育,保留
58,公安与司法大类,5801,公安管理类,580101K,治安管理,680101K,治安管理,保留
58,公安与司法大类,5801,公安管理类,580102K,道路交通管理,680102K,交通管理,更名
58,公安与司法大类,5801,公安管理类,580103K,特警,680107K,特警,保留
58,公安与司法大类,5801,公安管理类,580104K,警务指挥与战术,680201K,警察指挥与战术,归属调整、更名
58,公安与司法大类,5802,公安技术类,580201K,刑事科学技术,680301K,刑事科学技术,保留
58,公安与司法大类,5802,公安技术类,580202K,网络安全与执法,680103K,信息网络安全监察,归属调整、更名
58,公安与司法大类,5802,公安技术类,580203K,警犬技术,680302K,警犬技术,保留
58,公安与司法大类,5803,侦查类,580301K,刑事侦查,680401K,刑事侦查,保留
58,公安与司法大类,5803,侦查类,580302K,政治安全保卫,680402K,国内安全保卫,更名
58,公安与司法大类,5803,侦查类,580303K,经济犯罪侦查,680403K,经济犯罪侦查,保留
58,公安与司法大类,5803,侦查类,580304K,禁毒,680404K,禁毒,保留
58,公安与司法大类,5805,法律执行类,580501K,刑事执行,680601K,刑事执行,保留
58,公安与司法大类,5805,法律执行类,580503K,行政执行,680603K,行政执行,保留
58,公安与司法大类,5805,法律执行类,580504K,司法警务,680604K,司法警务,保留
58,公安与司法大类,5806,司法技术类,580601K,刑事侦查技术,680701K,刑事侦查技术,保留
58,公安与司法大类,5806,司法技术类,580602K,司法信息技术,680703K,司法信息技术,保留
58,公安与司法大类,5806,司法技术类,580604K,司法信息安全,680705K,司法信息安全,保留
58,公安与司法大类,5806,司法技术类,580605K,罪犯心理测量与矫正技术,680706K,罪犯心理测量与矫正技术,保留
58,公安与司法大类,5806,司法技术类,580606K,戒毒矫治技术,680707K,戒毒矫治技术,保留
